hash,cluster,bcluster
ë…¸ë˜ë°©,1,2
ì»¤í”Œì¼ìƒ,1,2
ë¶€ë¶€ì¼ìƒ,1,2
ì¶”ì²œ,34,45
ë…¸ë˜ë°©,1,2
ì»¤í”Œì¼ìƒ,1,2
ë¶€ë¶€ì¼ìƒ,1,2
ì¶”ì²œ,34,45
ì•„ì´ì–¸ë§¥ìŠ¤ì½”ë¦¬ì•„,1,2
ì•„ì´ì–¸ë§¥ìŠ¤ì½”ë¦¬ì•„,1,2
amazon,1,2
amazon,1,2
ëŒ€ë¥™,1,2
ë‘ë¶€,1,2
ì«€ì«€,1,2
ë•¡ë•¡,1,2
íƒ±íƒ±,1,2
í•œ,1,0
ì´ìœ ,1,2
ì„ê³ ê°€ë£¨,1,2
ì„ê³ ,1,2
ê°œ,1,0
ì¤‘êµ­,1,2
ã……ã…‚,1,2
ë¯¸ì¹œ,1,2
ê²ƒë“¤,1,2
ëŒ€ë¥™,1,2
ë‘ë¶€,1,2
ì«€ì«€,1,2
ë•¡ë•¡,1,2
íƒ±íƒ±,1,2
í•œ,1,0
ì´ìœ ,1,2
ì„ê³ ê°€ë£¨,1,2
ì„ê³ ,1,2
ê°œ,1,0
ì¤‘êµ­,1,2
ã……ã…‚,1,2
ë¯¸ì¹œ,1,2
ê²ƒë“¤,1,2
ğŸ‡»ğŸ‡³,1,0
ğŸ‡»ğŸ‡³,1,0
ì•„ê¸°ë‹¬ë˜ê¸°,1,0
ìŠ¬ë¦¼ë² ì–´,1,2
ìŠ¬ë¦¼ë² ì–´ì˜ë¡œìš°ì¸„,1,2
í•‘í¬ì¸„,1,2
ìŠ¬ë¦¼ë² ì–´í•‘í¬ì¸„,1,2
ìŠ¬ë¦¼ë² ì–´,1,2
ìŠ¬ë¦¼ë² ì–´ì˜ë¡œìš°ì¸„,1,2
í•‘í¬ì¸„,1,2
ìŠ¬ë¦¼ë² ì–´í•‘í¬ì¸„,1,2
ê´´ë‹´,1,2
ê³µí¬,1,2
ì‡¼ì¸ ,49,2
ë”°ê°œë¹„,1,2
ì‹¤ì œìƒí™©,1,2
ì—¬ìš°ê´´ë‹´,1,2
fyp,59,9
foryou,1,2
foryoupage,1,2
Viral,1,2
ë¬´ì„œìš´ì´ì•¼ê¸°,1,2
ê´´ë‹´,1,2
ê³µí¬,1,2
ì‡¼ì¸ ,49,2
ë”°ê°œë¹„,1,2
ì‹¤ì œìƒí™©,1,2
ì—¬ìš°ê´´ë‹´,1,2
fyp,59,9
foryou,1,2
foryoupage,1,2
Viral,1,2
ë¬´ì„œìš´ì´ì•¼ê¸°,1,2
Ù…ØªØ§Ø¨Ø¹Ù‡_Ù„Ø­Ø³Ø§Ø¨ÙŠğŸ‘‡,1,2
ys_aaf,1,2
Ù…ØªØ§Ø¨Ø¹Ù‡_Ù„Ø­Ø³Ø§Ø¨ÙŠğŸ‘‡,1,2
ys_aaf,1,2
jogodedamas,1,2
checkers,1,2
chess,1,2
damas,1,2
jogodedamas,1,2
checkers,1,2
chess,1,2
damas,1,2
diy@thetrove,19,2
ìŠµê´€,1,2
ìŠµê´€ì˜ë¬´ì„œì›€,1,2
ë‚˜ìœìŠµê´€,1,2
ì»¤í”Œ,14,2
ì»¤í”Œì¼ìƒ,1,2
ë‹¨ë°¤ë¶€ë¶€,1,2
ì½”ë¯¸ë””,1,2
ì¶”ì²œ,34,45
ìŠµê´€,1,2
ìŠµê´€ì˜ë¬´ì„œì›€,1,2
ë‚˜ìœìŠµê´€,1,2
ì»¤í”Œ,14,2
ì»¤í”Œì¼ìƒ,1,2
ë‹¨ë°¤ë¶€ë¶€,1,2
ì½”ë¯¸ë””,1,2
ì¶”ì²œ,34,45
reels,5,22
reelsinstagram,1,2
trendingreels,1,2
ë¦´ìŠ¤,30,2
ë¦´ìŠ¤íƒ€ê·¸ë¨,1,2
ë¦´ìŠ¤ëŒ„ìŠ¤,1,2
fyp,59,9
ì±Œë¦°ì§€,1,2
ê¹€ì²´ë¦¬,1,2
onepickent,1,2
dance,1,2
dancechallenge,1,2
ëŒ„ìŠ¤,1,2
ì±Œë¦°ì§€í¬ë¦¬ì—ì´í„°,1,2
tiktok,18,2
shakira,1,2
shewolf,1,2
ohtani,1,2
ì˜¤íƒ€ë‹ˆì‡¼í—¤ì´,1,2
reels,5,22
reelsinstagram,1,2
trendingreels,1,2
ë¦´ìŠ¤,30,2
ë¦´ìŠ¤íƒ€ê·¸ë¨,1,2
ë¦´ìŠ¤ëŒ„ìŠ¤,1,2
fyp,59,9
ì±Œë¦°ì§€,1,2
ê¹€ì²´ë¦¬,1,2
onepickent,1,2
dance,1,2
dancechallenge,1,2
ëŒ„ìŠ¤,1,2
ì±Œë¦°ì§€í¬ë¦¬ì—ì´í„°,1,2
tiktok,18,2
shakira,1,2
shewolf,1,2
ohtani,1,2
ì˜¤íƒ€ë‹ˆì‡¼í—¤ì´,1,2
ë©‹ìˆëŠ”ê±°í• ê±°ì•¼,1,0
cafe,1,2
asmr,1,2
ì¹´í˜,1,2
ë¼ë–¼,1,2
cafe,1,2
asmr,1,2
ì¹´í˜,1,2
ë¼ë–¼,1,2
ì• ê²¬ì˜ë¥˜,1,0
minecraft,1,2
mc,1,2
mcyt,1,2
meme,1,2
minecraftmemes,1,2
theboys,1,2
trending,1,27
homelander,1,2
sigma,1,2
sigmagrindset,1,2
memes,1,2
mcmemes,1,2
minecraftmemes,1,2
homelandermeme,1,2
homelandermemes,1,2
theboysmeme,1,2
theboysmemes,1,2
trendingmemes,1,2
edit,1,2
minecraft,1,2
mc,1,2
mcyt,1,2
meme,1,2
minecraftmemes,1,2
theboys,1,2
trending,1,27
homelander,1,2
sigma,1,2
sigmagrindset,1,2
memes,1,2
mcmemes,1,2
minecraftmemes,1,2
homelandermeme,1,2
homelandermemes,1,2
theboysmeme,1,2
theboysmemes,1,2
trendingmemes,1,2
edit,1,2
ì´ë¹¨ìš”ì •,32,2
ë‘ì‚°ë² ì–´ìŠ¤,1,2
ì´ë¹¨ìš”ì •,32,2
bilgisebili,1,2
cigarette,1,2
guitar,1,2
bilgisebili,1,2
cigarette,1,2
guitar,1,2
í™ë°•ì‚¬,4,23
ë…¸ì´ë¡œì œ,16,26
í™ë°•ì‚¬,4,23
ë…¸ì´ë¡œì œ,16,26
ì¹¼ë¶€ë¦¼,39,10
ì¹¼ë¶€ë¦¼í˜¸ì‹ ìˆ ,7,51
í˜¸ì‹ ìˆ ,55,2
ì¹¼ë¶€ë¦¼ì¡°ì‹¬,21,24
í‘¸ì‹œí‚¥,40,19
í‚¥ë³µì‹±,2,7
ì¹¼ë¶€ë¦¼,39,10
ì¹¼ë¶€ë¦¼í˜¸ì‹ ìˆ ,7,51
í˜¸ì‹ ìˆ ,55,2
ì¹¼ë¶€ë¦¼ì¡°ì‹¬,21,24
í‘¸ì‹œí‚¥,40,19
í‚¥ë³µì‹±,2,7
ë°•ë™ì§„,1,2
ë°•ë™ì§„,1,2
ì´ë¹¨ìš”ì •,32,2
ì´ë¹¨ìš”ì •,32,2
ê³¨í”„ë‹¤íŠ¸,1,0
ìš©ì¸ì‹œ,1,2
ì¹¼ë¶€ë¦¼,39,10
ìš©ì¸ì¹¼ë¶€ë¦¼,1,2
ìš©ì¸ì‹œ,1,2
ì¹¼ë¶€ë¦¼,39,10
ìš©ì¸ì¹¼ë¶€ë¦¼,1,2
ì´ë¹¨ìš”ì •,32,2
í™ë°•ì‚¬,4,23
ë…¸ì´ë¡œì œ,16,26
í™ë°•ì‚¬,4,23
ë…¸ì´ë¡œì œ,16,26
í™ë°•ì‚¬,4,23
ë…¸ì´ë¡œì œ,16,26
í™ë°•ì‚¬,4,23
ë…¸ì´ë¡œì œ,16,26
ì¹¼ë¶€ë¦¼,39,10
ì¹¼ë¶€ë¦¼í˜¸ì‹ ìˆ ,7,51
í˜¸ì‹ ìˆ ,55,2
ì¹¼ë¶€ë¦¼ì¡°ì‹¬,21,24
í‘¸ì‹œí‚¥,40,19
í‚¥ë³µì‹±,2,7
ì¹¼ë¶€ë¦¼,39,10
ì¹¼ë¶€ë¦¼í˜¸ì‹ ìˆ ,7,51
í˜¸ì‹ ìˆ ,55,2
ì¹¼ë¶€ë¦¼ì¡°ì‹¬,21,24
í‘¸ì‹œí‚¥,40,19
í‚¥ë³µì‹±,2,7
í™ë°•ì‚¬,4,23
ë…¸ì´ë¡œì œ,16,26
í™ë°•ì‚¬,4,23
ë…¸ì´ë¡œì œ,16,26
ì¹¼ë¶€ë¦¼,39,10
ì¹¼ë¶€ë¦¼í˜¸ì‹ ìˆ ,7,51
í˜¸ì‹ ìˆ ,55,2
ì¹¼ë¶€ë¦¼ì¡°ì‹¬,21,24
í‘¸ì‹œí‚¥,40,19
í‚¥ë³µì‹±,2,7
ì¹¼ë¶€ë¦¼,39,10
ì¹¼ë¶€ë¦¼í˜¸ì‹ ìˆ ,7,51
í˜¸ì‹ ìˆ ,55,2
ì¹¼ë¶€ë¦¼ì¡°ì‹¬,21,24
í‘¸ì‹œí‚¥,40,19
í‚¥ë³µì‹±,2,7
ì¡´ì˜ë‚¨ì˜í•˜ë£¨,1,2
ì¡´ì˜ë‚¨ì˜í•˜ë£¨,1,2
í™ë°•ì‚¬,4,23
ë…¸ì´ë¡œì œ,16,26
í™ë°•ì‚¬,4,23
ë…¸ì´ë¡œì œ,16,26
í™ë°•ì‚¬,4,23
ë…¸ì´ë¡œì œ,16,26
í™ë°•ì‚¬,4,23
ë…¸ì´ë¡œì œ,16,26
ì´ë¹¨ìš”ì •,32,2
í™ë°•ì‚¬,4,23
ë…¸ì´ë¡œì œ,16,26
í™ë°•ì‚¬,4,23
ë…¸ì´ë¡œì œ,16,26
gt3,1,2
911,1,2
992gt3,1,33
gt3,1,2
911,1,2
992gt3,1,33
í™ë°•ì‚¬,4,23
ë…¸ì´ë¡œì œ,16,26
í™ë°•ì‚¬,4,23
ë…¸ì´ë¡œì œ,16,26
savannahbananas,1,2
MLB,1,2
mlbreels,1,2
reels,5,22
ReelsMLB,1,2
Beisbol,1,42
parlay,1,2
parley,1,2
savannahbananas,1,2
MLB,1,2
mlbreels,1,2
reels,5,22
ReelsMLB,1,2
Beisbol,1,42
parlay,1,2
parley,1,2
ì´ë¹¨ìš”ì •,32,2
ì†í„°ì§„ë‹¤,1,2
ë‚´ë ¤ì™€ë¼,1,2
ìœ¤ì„ì—´í‡´ì§„,1,2
ì´›ë¶ˆ,1,2
ì´›ë¶ˆí–‰ë™,38,2
ì´›ë¶ˆëŒ€í–‰ì§„,29,2
í† ìš”ì¼6ì‹œ,35,2
ì‹œì²­ì—­,1,2
ì†í„°ì§„ë‹¤,1,2
ë‚´ë ¤ì™€ë¼,1,2
ìœ¤ì„ì—´í‡´ì§„,1,2
ì´›ë¶ˆ,1,2
ì´›ë¶ˆí–‰ë™,38,2
ì´›ë¶ˆëŒ€í–‰ì§„,29,2
í† ìš”ì¼6ì‹œ,35,2
ì‹œì²­ì—­,1,2
í™ë°•ì‚¬,4,23
ë…¸ì´ë¡œì œ,16,26
í™ë°•ì‚¬,4,23
ë…¸ì´ë¡œì œ,16,26
petitboyz,1,2
petitboyz,1,2
ê³¨í”„,1,2
ì¤‘ë ¥ì˜ë²•ì¹™,1,2
ë§ì•„ì§€ìƒ·,1,2
í—¤ë“œìƒ·,1,2
ì „ê¸°ë±€ì¥ì–´ìƒ·,1,2
ê³¨í”„,1,2
ì¤‘ë ¥ì˜ë²•ì¹™,1,2
ë§ì•„ì§€ìƒ·,1,2
í—¤ë“œìƒ·,1,2
ì „ê¸°ë±€ì¥ì–´ìƒ·,1,2
í™ë°•ì‚¬,4,23
ë…¸ì´ë¡œì œ,16,26
í™ë°•ì‚¬,4,23
ë…¸ì´ë¡œì œ,16,26
í™ë°•ì‚¬,4,23
ë…¸ì´ë¡œì œ,16,26
í™ë°•ì‚¬,4,23
ë…¸ì´ë¡œì œ,16,26
ì‚°íƒ€í´ë¡œìŠ¤,1,0
ì´ë¹¨ìš”ì •,32,2
ë§ì™•,48,4
ë¦´ìŠ¤,30,2
ì˜¤ë‘ìš°íƒ„,1,2
í™ë°•ì‚¬,4,23
ë…¸ì´ë¡œì œ,16,26
í™ë°•ì‚¬,4,23
ë…¸ì´ë¡œì œ,16,26
ìƒê°í•˜ëŠ”,1,2
í™ë°•ì‚¬,4,23
ë…¸ì´ë¡œì œ,16,26
í™ë°•ì‚¬,4,23
ë…¸ì´ë¡œì œ,16,26
ì¹¼ë¶€ë¦¼,39,10
ì¹¼ë¶€ë¦¼í˜¸ì‹ ìˆ ,7,51
í˜¸ì‹ ìˆ ,55,2
ì¹¼ë¶€ë¦¼ì¡°ì‹¬,21,24
í‘¸ì‹œí‚¥,40,19
í‚¥ë³µì‹±,2,7
ì¹¼ë¶€ë¦¼,39,10
ì¹¼ë¶€ë¦¼í˜¸ì‹ ìˆ ,7,51
í˜¸ì‹ ìˆ ,55,2
ì¹¼ë¶€ë¦¼ì¡°ì‹¬,21,24
í‘¸ì‹œí‚¥,40,19
í‚¥ë³µì‹±,2,7
ì´ë¹¨ìš”ì •,32,2
ì†í„°ì§„ë‹¤,1,2
ë‚´ë ¤ì™€ë¼,1,2
ìœ¤ì„ì—´í‡´ì§„,1,2
ì´›ë¶ˆ,1,2
ì´›ë¶ˆí–‰ë™,38,2
ì´›ë¶ˆëŒ€í–‰ì§„,29,2
í† ìš”ì¼6ì‹œ,35,2
ì‹œì²­ì—­,1,2
ì†í„°ì§„ë‹¤,1,2
ë‚´ë ¤ì™€ë¼,1,2
ìœ¤ì„ì—´í‡´ì§„,1,2
ì´›ë¶ˆ,1,2
ì´›ë¶ˆí–‰ë™,38,2
ì´›ë¶ˆëŒ€í–‰ì§„,29,2
í† ìš”ì¼6ì‹œ,35,2
ì‹œì²­ì—­,1,2
ì´ë¹¨ìš”ì •,32,2
ë§ì™•,48,4
ë¦´ìŠ¤,30,2
ì˜¤ë‘ìš°íƒ„,1,2
í™ë°•ì‚¬,4,23
ë…¸ì´ë¡œì œ,16,26
í™ë°•ì‚¬,4,23
ë…¸ì´ë¡œì œ,16,26
ëŒ€í•™ì›ìƒ,1,2
ëŒ€í•™ì›ìƒ,1,2
ë¹„ê°€ì™€ë„í›ˆë ¨,1,0
ì´ë¹¨ìš”ì •,32,2
í™ë°•ì‚¬,4,23
ë…¸ì´ë¡œì œ,16,26
í™ë°•ì‚¬,4,23
ë…¸ì´ë¡œì œ,16,26
í™ë°•ì‚¬,4,23
ë…¸ì´ë¡œì œ,16,26
í™ë°•ì‚¬,4,23
ë…¸ì´ë¡œì œ,16,26
ì´ë¹¨ìš”ì •,32,2
í™ë°•ì‚¬,4,23
ë…¸ì´ë¡œì œ,16,26
í™ë°•ì‚¬,4,23
ë…¸ì´ë¡œì œ,16,26
ë§ì™•,48,4
ë¦´ìŠ¤,30,2
ì˜¤ë‘ìš°íƒ„,1,2
í™ë°•ì‚¬,4,23
ë…¸ì´ë¡œì œ,16,26
í™ë°•ì‚¬,4,23
ë…¸ì´ë¡œì œ,16,26
ì¹¼ë¶€ë¦¼,39,10
ì¹¼ë¶€ë¦¼í˜¸ì‹ ìˆ ,7,51
í˜¸ì‹ ìˆ ,55,2
ì¹¼ë¶€ë¦¼ì¡°ì‹¬,21,24
í‘¸ì‹œí‚¥,40,19
í‚¥ë³µì‹±,2,7
ì¹¼ë¶€ë¦¼,39,10
ì¹¼ë¶€ë¦¼í˜¸ì‹ ìˆ ,7,51
í˜¸ì‹ ìˆ ,55,2
ì¹¼ë¶€ë¦¼ì¡°ì‹¬,21,24
í‘¸ì‹œí‚¥,40,19
í‚¥ë³µì‹±,2,7
ê´‘ê³ ,1,2
bluebird,1,0
ikimonogakari,1,0
í™ë°•ì‚¬,4,23
ë…¸ì´ë¡œì œ,16,26
í™ë°•ì‚¬,4,23
ë…¸ì´ë¡œì œ,16,26
í™ë°•ì‚¬,4,23
ë…¸ì´ë¡œì œ,16,26
í™ë°•ì‚¬,4,23
ë…¸ì´ë¡œì œ,16,26
í™ë°•ì‚¬,4,23
ë…¸ì´ë¡œì œ,16,26
í™ë°•ì‚¬,4,23
ë…¸ì´ë¡œì œ,16,26
ìˆ˜í•™ì—¬í–‰,26,2
ìˆ˜ë ¨íšŒ,1,2
ì•¼êµ¬,31,2
ì²¼ë¦°ì§€,1,2
09,56,2
08ë…„ìƒ,1,2
08,1,2
07,9,2
06,13,18
ìˆ˜í•™ì—¬í–‰,26,2
ìˆ˜ë ¨íšŒ,1,2
ì•¼êµ¬,31,2
ì²¼ë¦°ì§€,1,2
09,56,2
08ë…„ìƒ,1,2
08,1,2
07,9,2
06,13,18
ì´ë¹¨ìš”ì •,32,2
ë§ì™•,48,4
ë¦´ìŠ¤,30,2
ì˜¤ë‘ìš°íƒ„,1,2
í™ë°•ì‚¬,4,23
ë…¸ì´ë¡œì œ,16,26
í™ë°•ì‚¬,4,23
ë…¸ì´ë¡œì œ,16,26
í™ë°•ì‚¬,4,23
ë…¸ì´ë¡œì œ,16,26
í™ë°•ì‚¬,4,23
ë…¸ì´ë¡œì œ,16,26
ì¹¼ë¶€ë¦¼,39,10
ì¹¼ë¶€ë¦¼í˜¸ì‹ ìˆ ,7,51
í˜¸ì‹ ìˆ ,55,2
ì¹¼ë¶€ë¦¼ì¡°ì‹¬,21,24
í‘¸ì‹œí‚¥,40,19
í‚¥ë³µì‹±,2,7
ì¹¼ë¶€ë¦¼,39,10
ì¹¼ë¶€ë¦¼í˜¸ì‹ ìˆ ,7,51
í˜¸ì‹ ìˆ ,55,2
ì¹¼ë¶€ë¦¼ì¡°ì‹¬,21,24
í‘¸ì‹œí‚¥,40,19
í‚¥ë³µì‹±,2,7
í™ë°•ì‚¬,4,23
ë…¸ì´ë¡œì œ,16,26
í™ë°•ì‚¬,4,23
ë…¸ì´ë¡œì œ,16,26
í™ë°•ì‚¬,4,23
ë…¸ì´ë¡œì œ,16,26
í™ë°•ì‚¬,4,23
ë…¸ì´ë¡œì œ,16,26
fyp,59,9
manchesterunited,1,2
mufc,1,2
fyp,59,9
manchesterunited,1,2
mufc,1,2
í™ë°•ì‚¬,4,23
ë…¸ì´ë¡œì œ,16,26
í™ë°•ì‚¬,4,23
ë…¸ì´ë¡œì œ,16,26
ì¹¼ë¶€ë¦¼,39,10
ì¹¼ë¶€ë¦¼í˜¸ì‹ ìˆ ,7,51
í˜¸ì‹ ìˆ ,55,2
ì¹¼ë¶€ë¦¼ì¡°ì‹¬,21,24
í‘¸ì‹œí‚¥,40,19
í‚¥ë³µì‹±,2,7
ì¹¼ë¶€ë¦¼,39,10
ì¹¼ë¶€ë¦¼í˜¸ì‹ ìˆ ,7,51
í˜¸ì‹ ìˆ ,55,2
ì¹¼ë¶€ë¦¼ì¡°ì‹¬,21,24
í‘¸ì‹œí‚¥,40,19
í‚¥ë³µì‹±,2,7
ìƒê°í•˜ëŠ”,1,2
ì¹¼ë¶€ë¦¼,39,10
ì¹¼ë¶€ë¦¼í˜¸ì‹ ìˆ ,7,51
í˜¸ì‹ ìˆ ,55,2
ì¹¼ë¶€ë¦¼ì¡°ì‹¬,21,24
í‘¸ì‹œí‚¥,40,19
í‚¥ë³µì‹±,2,7
ì¹¼ë¶€ë¦¼,39,10
ì¹¼ë¶€ë¦¼í˜¸ì‹ ìˆ ,7,51
í˜¸ì‹ ìˆ ,55,2
ì¹¼ë¶€ë¦¼ì¡°ì‹¬,21,24
í‘¸ì‹œí‚¥,40,19
í‚¥ë³µì‹±,2,7
í™ë°•ì‚¬,4,23
ë…¸ì´ë¡œì œ,16,26
í™ë°•ì‚¬,4,23
ë…¸ì´ë¡œì œ,16,26
ì´ë¹¨ìš”ì •,32,2
í™ë°•ì‚¬,4,23
ë…¸ì´ë¡œì œ,16,26
í™ë°•ì‚¬,4,23
ë…¸ì´ë¡œì œ,16,26
ë§ì™•,48,4
ë¦´ìŠ¤,30,2
ì˜¤ë‘ìš°íƒ„,1,2
bowling,1,2
strike,1,2
smooth,1,2
bowling,1,2
strike,1,2
smooth,1,2
ì´ë¹¨ìš”ì •,32,2
í™ë°•ì‚¬,4,23
ë…¸ì´ë¡œì œ,16,26
í™ë°•ì‚¬,4,23
ë…¸ì´ë¡œì œ,16,26
í™ë°•ì‚¬,4,23
ë…¸ì´ë¡œì œ,16,26
í™ë°•ì‚¬,4,23
ë…¸ì´ë¡œì œ,16,26
ì¹¼ë¶€ë¦¼,39,10
ì¹¼ë¶€ë¦¼í˜¸ì‹ ìˆ ,7,51
í˜¸ì‹ ìˆ ,55,2
ì¹¼ë¶€ë¦¼ì¡°ì‹¬,21,24
í‘¸ì‹œí‚¥,40,19
í‚¥ë³µì‹±,2,7
ì¹¼ë¶€ë¦¼,39,10
ì¹¼ë¶€ë¦¼í˜¸ì‹ ìˆ ,7,51
í˜¸ì‹ ìˆ ,55,2
ì¹¼ë¶€ë¦¼ì¡°ì‹¬,21,24
í‘¸ì‹œí‚¥,40,19
í‚¥ë³µì‹±,2,7
ì¹¼ë¶€ë¦¼,39,10
ì¹¼ë¶€ë¦¼í˜¸ì‹ ìˆ ,7,51
í˜¸ì‹ ìˆ ,55,2
ì¹¼ë¶€ë¦¼ì¡°ì‹¬,21,24
í‘¸ì‹œí‚¥,40,19
í‚¥ë³µì‹±,2,7
ì¹¼ë¶€ë¦¼,39,10
ì¹¼ë¶€ë¦¼í˜¸ì‹ ìˆ ,7,51
í˜¸ì‹ ìˆ ,55,2
ì¹¼ë¶€ë¦¼ì¡°ì‹¬,21,24
í‘¸ì‹œí‚¥,40,19
í‚¥ë³µì‹±,2,7
ë§ì™•,48,4
ë¦´ìŠ¤,30,2
ì˜¤ë‘ìš°íƒ„,1,2
ì´ë¹¨ìš”ì •,32,2
í™ë°•ì‚¬,4,23
ë…¸ì´ë¡œì œ,16,26
í™ë°•ì‚¬,4,23
ë…¸ì´ë¡œì œ,16,26
ì´ë¹¨ìš”ì •,32,2
ë§ì™•,48,4
ë¦´ìŠ¤,30,2
ì˜¤ë‘ìš°íƒ„,1,2
í™ë°•ì‚¬,4,23
ë…¸ì´ë¡œì œ,16,26
í™ë°•ì‚¬,4,23
ë…¸ì´ë¡œì œ,16,26
ì´ë¹¨ìš”ì •,32,2
ë§ì™•,48,4
ë¦´ìŠ¤,30,2
ì˜¤ë‘ìš°íƒ„,1,2
í™ë°•ì‚¬,4,23
ë…¸ì´ë¡œì œ,16,26
í™ë°•ì‚¬,4,23
ë…¸ì´ë¡œì œ,16,26
ì´ë¹¨ìš”ì •,32,2
í™ë°•ì‚¬,4,23
ë…¸ì´ë¡œì œ,16,26
í™ë°•ì‚¬,4,23
ë…¸ì´ë¡œì œ,16,26
ë°•ì •ë¬´,1,2
í”¼íŒŒì˜¨ë¼ì¸,1,2
ì´ë²”ì˜,1,2
ì–µê¹Œ,1,2
ë°•ì •ë¬´,1,2
í”¼íŒŒì˜¨ë¼ì¸,1,2
ì´ë²”ì˜,1,2
ì–µê¹Œ,1,2
ë§¨ì‹œí‹°,1,29
atë§ˆë“œë¦¬ë“œ,1,2
ë§¨ì‹œí‹°,1,29
atë§ˆë“œë¦¬ë“œ,1,2
ì¥ì›ì˜,1,2
ì´êµ­ì£¼,1,2
gtv,1,2
ì•„ì´ë¸Œ,1,2
ì•„ì´ì¦ˆì›,1,2
ê±¸ê·¸ë£¹,1,2
kpop,1,2
ì¥ì›ì˜,1,2
ì´êµ­ì£¼,1,2
gtv,1,2
ì•„ì´ë¸Œ,1,2
ì•„ì´ì¦ˆì›,1,2
ê±¸ê·¸ë£¹,1,2
kpop,1,2
ishowspeed,1,2
reels,5,22
ishowspeed,1,2
reels,5,22
ì˜ì°¨,1,2
ì´ê²½ì˜,1,2
ì˜ì°¨,1,2
ì´ê²½ì˜,1,2
ì˜¤ì€ì˜ë¦¬í¬íŠ¸,1,0
í•œë‚¨ëŒ€í•™êµ,1,2
í•œë‚¨ëŒ€,1,2
ëŒ€ì „,1,2
reels,5,22
ë¦´ìŠ¤,30,2
ë¦´ìŠ¤íƒ€ê·¸ë¨,1,2
ì¢‹ë°˜,1,2
ì„œìš¸,1,2
ê°•ë‚¨,1,2
ì½”ì—‘ìŠ¤,1,2
ì½”ì—‘ìŠ¤ìˆ˜ì‹œë°•ëŒíšŒ,1,2
ìˆ˜ì‹œ,1,2
ìˆ˜ì‹œë°•ëŒíšŒ,1,2
ëŒ€í•™,1,2
ëŒ€í•™ìƒ,1,2
í•œë‚¨ëŒ€í•™êµ,1,2
í•œë‚¨ëŒ€,1,2
ëŒ€ì „,1,2
reels,5,22
ë¦´ìŠ¤,30,2
ë¦´ìŠ¤íƒ€ê·¸ë¨,1,2
ì¢‹ë°˜,1,2
ì„œìš¸,1,2
ê°•ë‚¨,1,2
ì½”ì—‘ìŠ¤,1,2
ì½”ì—‘ìŠ¤ìˆ˜ì‹œë°•ëŒíšŒ,1,2
ìˆ˜ì‹œ,1,2
ìˆ˜ì‹œë°•ëŒíšŒ,1,2
ëŒ€í•™,1,2
ëŒ€í•™ìƒ,1,2
ì œì£¼ë„,1,2
ì†Œì²œì§€,1,2
íŒŒë„ì¡°ì‹¬,1,2
ì œì£¼ì—¬í–‰,1,2
ë°”ë‹¤ìˆ˜ì˜,1,2
ìŠ¤ë…¸ì¿¨ë§,1,2
ì œì£¼ë„ìŠ¤ë…¸ì¿¨ë§,1,2
ì„ ë…€íƒ•,1,2
ì œì£¼ë„,1,2
ì†Œì²œì§€,1,2
íŒŒë„ì¡°ì‹¬,1,2
ì œì£¼ì—¬í–‰,1,2
ë°”ë‹¤ìˆ˜ì˜,1,2
ìŠ¤ë…¸ì¿¨ë§,1,2
ì œì£¼ë„ìŠ¤ë…¸ì¿¨ë§,1,2
ì„ ë…€íƒ•,1,2
shorts,23,2
dog,1,2
doglover,1,2
explore,8,2
puppy,43,2
dogs,1,2
dogsofinstagram,1,2
instadog,1,2
dogstagram,1,2
smartdog,1,2
dog,1,2
doglover,1,2
explore,8,2
puppy,43,2
dogs,1,2
dogsofinstagram,1,2
instadog,1,2
dogstagram,1,2
smartdog,1,2
ë¦´ìŠ¤ì´ˆë³´,1,2
ìœ ë¨¸ì§¤,46,2
ì›ƒê¸´ë™ì˜ìƒ,1,2
ë¦´ìŠ¤ì´ˆë³´,1,2
ìœ ë¨¸ì§¤,46,2
ì›ƒê¸´ë™ì˜ìƒ,1,2
ë¯¸ë„ëŸ¼ë°©ì§€ìì„¸,1,2
ìˆ˜ìˆ í•˜ê³ ë‚˜ì„ ì´ë ‡ê²Œì˜ì•ˆì•‰ì•„ìš”,1,2
ì² í‘¸ë•ì•‰ëŠ”ê°•ì•„ì§€,1,2
ë¯¸ë„ëŸ¼ë°©ì§€ìì„¸,1,2
ìˆ˜ìˆ í•˜ê³ ë‚˜ì„ ì´ë ‡ê²Œì˜ì•ˆì•‰ì•„ìš”,1,2
ì² í‘¸ë•ì•‰ëŠ”ê°•ì•„ì§€,1,2
ì—¬ë¦„ë¸”í”„,1,2
ì‹œì¦Œì˜¤í”„,1,2
kkst,1,2
ì—¬ë¦„ë¸”í”„,1,2
ì‹œì¦Œì˜¤í”„,1,2
kkst,1,2
art,1,2
cillianmurphy,1,2
digitalart,1,2
oppenheimer,1,2
reels,5,22
art,1,2
cillianmurphy,1,2
digitalart,1,2
oppenheimer,1,2
reels,5,22
Dubai,1,2
fyp,59,9
foryou,1,2
Dubai,1,2
fyp,59,9
foryou,1,2
ì–¼êµ´ì¢€í’€ì–´,1,0
ë…¸ë ¥í•˜ì–ë‹ˆ,1,0
shorts#ê°ì,23,2
ë§ˆë¦¬ì˜¤ë„,1,13
ê°ì,1,2
ë§ˆë¦¬ì˜¤ë„,1,13
í”„ë¡œì•¼êµ¬,1,2
lg,1,2
ì—˜ì§€,1,2
ì—˜ì§€íŠ¸ìœˆìŠ¤,1,2
ì˜¤ìŠ¤í‹´,1,2
ssg,1,2
ë‘ì‚°,1,2
ë‘ì‚°ë² ì–´ìŠ¤,1,2
nc,1,2
ncë‹¤ì´ë…¸ìŠ¤,1,2
ë¡¯ë°,1,2
kt,1,2
ê¸°ì•„íƒ€ì´ê±°ì¦ˆ,1,2
í•œí™”ì´ê¸€ìŠ¤,1,2
í‚¤ì›€íˆì–´ë¡œì¦ˆ,1,2
ì‚¼ì„±,1,2
ì‚¼ì„±ë¼ì´ì˜¨ì¦ˆ,1,2
í”„ë¡œì•¼êµ¬,1,2
lg,1,2
ì—˜ì§€,1,2
ì—˜ì§€íŠ¸ìœˆìŠ¤,1,2
ì˜¤ìŠ¤í‹´,1,2
ssg,1,2
ë‘ì‚°,1,2
ë‘ì‚°ë² ì–´ìŠ¤,1,2
nc,1,2
ncë‹¤ì´ë…¸ìŠ¤,1,2
ë¡¯ë°,1,2
kt,1,2
ê¸°ì•„íƒ€ì´ê±°ì¦ˆ,1,2
í•œí™”ì´ê¸€ìŠ¤,1,2
í‚¤ì›€íˆì–´ë¡œì¦ˆ,1,2
ì‚¼ì„±,1,2
ì‚¼ì„±ë¼ì´ì˜¨ì¦ˆ,1,2
ê¸°ë„ë©”íƒ€,1,0
ì„±ë³„í‚¤íŠ¸,1,2
ì´ë¹„ìí´ëŸ½_ëº¨ì¹˜ëŠ”_ì´ì²œí…Œë¥´ë©”ë´_í¼íŒŒí‹°,1,0
chinese,1,17
mandarin,1,2
learnmandarin,1,2
learnchinese,1,2
chineselearning,1,2
chinese,1,17
mandarin,1,2
learnmandarin,1,2
learnchinese,1,2
chineselearning,1,2
topbowling,1,0
06,13,18
ì•…í”Œ,1,2
ìœ„ë¡œ,1,2
06,13,18
ì•…í”Œ,1,2
ìœ„ë¡œ,1,2
ë…¸ê²¬ì¼ìƒ,1,0
ìŠ¤ì¿¼íŠ¸,1,0
ì›Œë°ì—…,1,0
ìš´ë™ê¿€íŒ,1,0
goldenretriever,1,2
goldenbros,1,2
tub,1,2
blue,1,2
goldenretriever,1,2
goldenbros,1,2
tub,1,2
blue,1,2
ì—¬ì¼,1,2
ì¼,1,0
ã…‡ã…ˆ,1,2
ì°ë”°,1,2
ì „í•™,1,2
ì¡¸ê·€,1,2
ë˜¥,1,0
ì—¬ì¼,1,2
ì¼,1,0
ã…‡ã…ˆ,1,2
ì°ë”°,1,2
ì „í•™,1,2
ì¡¸ê·€,1,2
ë˜¥,1,0
ì¥ê¾¸ì»¤í”Œ,1,2
ì¥ê¾¸ì»¤í”Œ,1,2
reels,5,22
reels,5,22
GirlGirlOranceê±¸ê±¸ì˜¤ë Œì”¨,1,2
GirlGirlOranceê±¸ê±¸ì˜¤ë Œì”¨,1,2
ğŸ˜ğŸ˜ğŸ‘€ğŸ‘€â¤ï¸â¤ï¸â¤ï¸ğŸ™ˆğŸ™ˆ,1,0
ğŸ˜ğŸ˜ğŸ‘€ğŸ‘€â¤ï¸â¤ï¸â¤ï¸ğŸ™ˆğŸ™ˆ,1,0
ì‹¸ì´í ë»‘ì‡¼2023ì˜¤í”„ë‹ì›ë³¸,1,0
ronaldo,1,2
fyp,59,9
viral,1,2
portugal,1,2
worldcup,1,2
foryou,1,2
foryoupage,1,2
firelycrish,1,2
pc7,1,2
ronaldo,1,2
fyp,59,9
viral,1,2
portugal,1,2
worldcup,1,2
foryou,1,2
foryoupage,1,2
firelycrish,1,2
pc7,1,2
ìŠ¤í”¼ë˜,1,2
ë¡œë˜,1,2
ì±Œë¦°ì§€,1,2
ìŠ¤í”¼ë˜,1,2
ë¡œë˜,1,2
ì±Œë¦°ì§€,1,2
reels,5,22
reels,5,22
ì˜¤ìš´ì™„,1,2
reels,5,22
golf,1,2
golfcomedy,1,2
funnyvideos,1,2
reels,5,22
golf,1,2
golfcomedy,1,2
funnyvideos,1,2
fyp,59,9
fyp,59,9
ì—¬ì¹œ,1,2
ì„¤ë ˜,1,2
ë‚¨ì¹œ,1,2
ì„¤ë ˜,1,2
ì„¸ê¸ˆë‘ë°°,1,2
ì—¬ì¹œ,1,2
ë‚¨ì¹œ,1,2
ì„¸ê¸ˆë‘ë°°,1,2
comedy,1,2
patrox,1,34
fail,1,2
couplegoals,1,2
mrsus,1,2
comedy,1,2
patrox,1,34
fail,1,2
couplegoals,1,2
mrsus,1,2
å¤§è°·ç¿”å¹³,1,2
ohtani,1,2
shoheiohtani,1,2
å¤§è°·ç¿”å¹³,1,2
ohtani,1,2
shoheiohtani,1,2
ê·€ì—½ë‹¤go,1,2
ê·€ì—½ë‹¤go,1,2
ì‚¼ì„±ê°•ë‚¨,1,2
ì„¼í„°ì»¤í”¼ê°•ë‚¨ì ,1,2
ê°•ë‚¨ìŠ¤íƒˆ,1,2
ê²Œì´ìƒ¤ê°±,1,2
ì‚¼ì„±ê°•ë‚¨,1,2
ì„¼í„°ì»¤í”¼ê°•ë‚¨ì ,1,2
ê°•ë‚¨ìŠ¤íƒˆ,1,2
ê²Œì´ìƒ¤ê°±,1,2
íƒœí´,10,2
íš¨ë…€ë”¸,1,2
ì¥ë§ˆ,42,2
06,13,18
05,54,2
07,9,2
ì˜ì‚°ê³ ë“±í•™êµ,1,2
a,1,0
ì¶”ì–µ,1,2
ë²ˆê°œ,1,2
ì œìš°ìŠ¤,1,35
ë‡Œì ˆ,1,2
ë‚´ì¼ì‹œí—˜,1,2
ì‹œí—˜ë§í•¨,1,2
í˜¸ë‚ ë‘,1,2
ìŒë°”í˜ğŸ‘,17,2
ë‚˜ì£¼,11,52
ë‚˜ì£¼ì‹œ,1,40
ë…¹í„´,6,2
ë…¹í„´ê¶,1,2
ì¥ë§ˆ,42,2
06,13,18
05,54,2
07,9,2
ì˜ì‚°ê³ ë“±í•™êµ,1,2
íƒœí´,10,2
a,1,0
ì¶”ì–µ,1,2
ë²ˆê°œ,1,2
ì œìš°ìŠ¤,1,35
ë‡Œì ˆ,1,2
ë‚´ì¼ì‹œí—˜,1,2
ì‹œí—˜ë§í•¨,1,2
í˜¸ë‚ ë‘,1,2
ìŒë°”í˜ğŸ‘,17,2
ë‚˜ì£¼,11,52
ë‚˜ì£¼ì‹œ,1,40
ë…¹í„´,6,2
ë…¹í„´ê¶,1,2
ì—¬ê³ ì¼ìƒ,1,0
trick,1,2
trickshot,1,2
LFG,1,2
letsgo,1,2
trick,1,2
trickshot,1,2
LFG,1,2
letsgo,1,2
ë§ì™•,48,4
ë¦´ìŠ¤,30,2
ì˜¤ë‘ìš°íƒ„,1,2
trick,1,2
trickshot,1,2
LFG,1,2
letsgo,1,2
trick,1,2
trickshot,1,2
LFG,1,2
letsgo,1,2
ê·€ì—½ë‹¤go,1,2
íš¨ë…€ë”¸,1,2
í™ë°•ì‚¬,4,23
ë…¸ì´ë¡œì œ,16,26
í™ë°•ì‚¬,4,23
ë…¸ì´ë¡œì œ,16,26
ë‚¨ë…€ìƒê°ì°¨ì´,1,2
ì»¤í”Œ,14,2
ì»¤í”Œë¦´ìŠ¤,1,2
ê³µê°,50,2
ë¦´ìŠ¤ì¶”ì²œ,1,2
ë‚¨ë…€ìƒê°ì°¨ì´,1,2
ì»¤í”Œ,14,2
ì»¤í”Œë¦´ìŠ¤,1,2
ê³µê°,50,2
ë¦´ìŠ¤ì¶”ì²œ,1,2
rosÃ©,1,0
ë§ˆì¸ë“œ,1,2
ì“´ì†Œë¦¬,1,2
ê²°í˜¼,33,2
ë§ˆì¸ë“œ,1,2
ì“´ì†Œë¦¬,1,2
ê²°í˜¼,33,2
ë…¸ë¸Œëœë“œ,1,2
ê¿€í…œì¶”ì²œ,1,2
ê¿€í…œ,1,2
ë…¸ë¸Œëœë“œì¶”ì²œ,1,2
ë…¸ë¸Œëœë“œ,1,2
ê¿€í…œì¶”ì²œ,1,2
ê¿€í…œ,1,2
ë…¸ë¸Œëœë“œì¶”ì²œ,1,2
GucciCruise24,1,2
GucciCruise24,1,2
ê¿€ì¼,1,2
ê¿€ì¼ëª¨ìŒ,1,2
ìœ ë¨¸,36,2
ìœ ë¨¸ìŠ¤íƒ€ê·¸ë¨,27,21
ë ˆì „ë“œ,1,2
ì¼ìƒ,1,2
ì§¤ëª¨ìŒ,1,2
ì¬ë°ŒëŠ”ì§¤,1,2
ì›ƒê¸´ì§¤,1,2
ìœ ë¨¸ì§¤,46,2
ìœ ë¨¸ìŠ¤íƒ€ê·¸ë¨,27,21
ê¿€ì¼,1,2
ê¿€ì¼ëª¨ìŒ,1,2
ìœ ë¨¸,36,2
ìœ ë¨¸ìŠ¤íƒ€ê·¸ë¨,27,21
ë ˆì „ë“œ,1,2
ì¼ìƒ,1,2
ì§¤ëª¨ìŒ,1,2
ì¬ë°ŒëŠ”ì§¤,1,2
ì›ƒê¸´ì§¤,1,2
ìœ ë¨¸ì§¤,46,2
ìœ ë¨¸ìŠ¤íƒ€ê·¸ë¨,27,21
ëœë¤í†µí™”,1,25
ì¼ë³¸ì¸,1,2
ì¼ë³¸ì—¬ì,52,2
ì¼ë³¸,1,2
ì¼ë³¸ì–´,1,2
éŸ“å›½äºº,1,2
ëœë¤í†µí™”,1,25
ì¼ë³¸ì¸,1,2
ì¼ë³¸ì—¬ì,52,2
ì¼ë³¸,1,2
ì¼ë³¸ì–´,1,2
éŸ“å›½äºº,1,2
ì¶”ì²œ,34,45
ê³µê°,50,2
ì—°ì• ,1,2
ì¸,1,0
ì¶”ì²œ,34,45
ê³µê°,50,2
ì—°ì• ,1,2
ì¸,1,0
ë§ì™•,48,4
ë¦´ìŠ¤,30,2
ì˜¤ë‘ìš°íƒ„,1,2
shorts,23,2
ì‹¬ë¦¬,1,2
ë‘ë‡Œìš´ë™,1,2
ì‹¬ë¦¬,1,2
ë‘ë‡Œìš´ë™,1,2
ã…‹ã…‹,1,20
ì „ë™í‚¥ë³´ë“œ,1,2
ìŠ¤ë‹˜,1,2
í­ì—¼,1,2
ë¯¸ì¹œë‚ ì”¨,1,2
ğŸ”¥ğŸ”¥ğŸ”¥,1,0
ã…‹ã…‹,1,20
ì „ë™í‚¥ë³´ë“œ,1,2
ìŠ¤ë‹˜,1,2
í­ì—¼,1,2
ë¯¸ì¹œë‚ ì”¨,1,2
ğŸ”¥ğŸ”¥ğŸ”¥,1,0
09,56,2
09,56,2
ë¬´ì„œì›€ì£¼ì˜,1,0
Samsung,1,0
Mobile,1,2
Mobile,1,2
ã‚»ãƒŸãƒ•ã‚¡ã‚¤ãƒŠãƒ«,1,2
ã‚»ãƒŸãƒ­ãƒ³ã‚°,1,2
ã›ã¿,1,2
è‰,1,0
ã‚»ãƒŸãƒ•ã‚¡ã‚¤ãƒŠãƒ«,1,2
ã‚»ãƒŸãƒ­ãƒ³ã‚°,1,2
ã›ã¿,1,2
è‰,1,0
cars,1,2
carknowledge,1,2
carguy,1,2
fyp,59,9
viral,1,2
tips,1,2
driving,1,2
instagram,1,2
foryou,1,2
cars,1,2
carknowledge,1,2
carguy,1,2
fyp,59,9
viral,1,2
tips,1,2
driving,1,2
instagram,1,2
foryou,1,2
ì˜ì–´,1,2
ì•„ì´,1,2
ìŠ¤í€˜ì–´íŒë‹¤,1,2
ì—„ë§ˆì˜ì–´,1,2
ë§˜ìŠ¤íƒ€ê·¸ë¨,1,2
ì•„ê¸°,1,2
ì–¸ì–´,1,2
íŒŒë‹‰ìŠ¤,1,2
ì¢‹ì•„ìš”,1,2
ìœ¡ì•„í…œ,1,2
ìœ¡ì•„ê¿€íŒ,1,2
ê³µêµ¬,1,2
ì–‘ì‚°,1,2
ì˜ì–´,1,2
ì•„ì´,1,2
ìŠ¤í€˜ì–´íŒë‹¤,1,2
ì—„ë§ˆì˜ì–´,1,2
ë§˜ìŠ¤íƒ€ê·¸ë¨,1,2
ì•„ê¸°,1,2
ì–¸ì–´,1,2
íŒŒë‹‰ìŠ¤,1,2
ì¢‹ì•„ìš”,1,2
ìœ¡ì•„í…œ,1,2
ìœ¡ì•„ê¿€íŒ,1,2
ê³µêµ¬,1,2
ì–‘ì‚°,1,2
ì‹¤ë¡€í•©ë‹ˆë‹¤,1,0
ì˜¤í”ˆ,1,0
funny,1,2
funnyvideos,1,2
sing,1,2
song,1,2
video,1,2
viral,1,2
viralvideos,1,2
viralreels,1,2
woman,1,2
funny,1,2
funnyvideos,1,2
sing,1,2
song,1,2
video,1,2
viral,1,2
viralvideos,1,2
viralreels,1,2
woman,1,2
Linelover,1,2
linefriendsstore,1,2
moonandback,1,2
linefriendsstore,1,2
moonandback,1,2
linelover,1,2
brownlovecony,1,2
linebrown,1,2
linecony,1,2
brownandconyforever,1,2
browncony,1,2
linefriends,1,2
linefans,1,2
linesally,1,2
browncony_bclv,1,2
Linelover,1,2
linefriendsstore,1,2
moonandback,1,2
linefriendsstore,1,2
moonandback,1,2
linelover,1,2
brownlovecony,1,2
linebrown,1,2
linecony,1,2
brownandconyforever,1,2
browncony,1,2
linefriends,1,2
linefans,1,2
linesally,1,2
browncony_bclv,1,2
íŒŒì›Œí¬ì¸íŠ¸,1,2
íŒŒì›Œí¬ì¸íŠ¸,1,2
makeup,1,2
makeup,1,2
comedy,1,2
patrox,1,34
fail,1,2
couplegoals,1,2
mrsus,1,2
comedy,1,2
patrox,1,34
fail,1,2
couplegoals,1,2
mrsus,1,2
nomecritiquenorenpormi,1,2
nomecritiquenorenpormi,1,2
ì†ëª©ìŠ¤íŠ¸ë ˆì¹­,1,2
ì–´ê¹¨ìŠ¤íŠ¸ë ˆì¹­,1,2
ë‹¤ì´ì–´íŠ¸,1,2
ì†ëª©ìŠ¤íŠ¸ë ˆì¹­,1,2
ì–´ê¹¨ìŠ¤íŠ¸ë ˆì¹­,1,2
ë‹¤ì´ì–´íŠ¸,1,2
zx6r,1,2
zx6r,1,2
ëœë¤í†µí™”,1,25
ì¼ë³¸ì—¬ì,52,2
ì¼ë³¸ì¸,1,2
ì¼ë³¸,1,2
ì¼ë³¸ì–´,1,2
ì¼ë³¸ì–´ê³µë¶€,1,2
ëœë¤í†µí™”,1,25
ì¼ë³¸ì—¬ì,52,2
ì¼ë³¸ì¸,1,2
ì¼ë³¸,1,2
ì¼ë³¸ì–´,1,2
ì¼ë³¸ì–´ê³µë¶€,1,2
åµ,1,0
åµå¤§é‡æ™º,1,0
ì•„ë¹ ì±™ê²¨ì£¼ëŠ”íš¨,1,0
ë”¸ì•„ë¹ ,1,2
ì•„ë“¤ì•„ë¹ ,1,2
ë”¸ì•„ë¹ ,1,2
ì•„ë“¤ì•„ë¹ ,1,2
ê¸°ìˆ™ì‚¬,1,2
06,13,18
ëê¹Œì§€ë³´ì„¸ìš”,1,2
ê¸°ìˆ™ì‚¬,1,2
06,13,18
ëê¹Œì§€ë³´ì„¸ìš”,1,2
ë³‘ë§›ë”,1,2
ì§±êµ¬ëŠ”ëª»ë§,1,2
ëª¨,1,0
ì—¬,1,0
ë³‘ë§›ë”,1,2
ì§±êµ¬ëŠ”ëª»ë§,1,2
ëª¨,1,0
ì—¬,1,0
ì¥ë‚œê°ì •,1,0
ë¦´ìŠ¤ì˜,1,2
ë¦´,1,0
ê²°í˜¼,33,2
ì„±ì°½,1,2
ë´‰ìˆ­ì•„í•™,1,2
ìš°ì¸ì‚¬,1,2
ì¸,1,0
ì¸,1,0
ë´‰ìˆ­ì•„í•™ë‹¹ë¬¸í™”í˜ì‹ í•™,1,2
ë¦´ìŠ¤ì˜,1,2
ë¦´,1,0
ê²°í˜¼,33,2
ì„±ì°½,1,2
ë´‰ìˆ­ì•„í•™,1,2
ìš°ì¸ì‚¬,1,2
ì¸,1,0
ì¸,1,0
ë´‰ìˆ­ì•„í•™ë‹¹ë¬¸í™”í˜ì‹ í•™,1,2
ì¥ë‚œê°ì •ë¦¬,1,0
íŒ€13,1,2
ì½”ë¯¸,1,2
íŒ€13,1,2
ì½”ë¯¸,1,2
íŒ€135,1,2
ì½”ë¯¸ë””,1,2
íŒ€135,1,2
ì½”ë¯¸ë””,1,2
ê¹€ë‹¤ë¯¸,1,2
êµ­ì—°ìˆ˜,1,2
ê·¸í•´ìš°ë¦¬ëŠ”,1,2
ê¹€ë‹¤ë¯¸,1,2
êµ­ì—°ìˆ˜,1,2
ê·¸í•´ìš°ë¦¬ëŠ”,1,2
ì•„ê¸°ì¬ìš°,1,0
ìœ¡ì•„,1,0
ìš©ì¸,1,2
ì¹¼ë¶€,1,2
ìš©ì¸ì¹¼ë¶€,1,2
ìš©ì¸,1,2
ì¹¼ë¶€,1,2
ìš©ì¸ì¹¼ë¶€,1,2
moo,1,2
moo,1,2
ìš©ì¸ì‹œ,1,2
ì¹¼ë¶€ë¦¼,39,10
ìš©ì¸ì¹¼ë¶€ë¦¼,1,2
ìš©ì¸ì‹œ,1,2
ì¹¼ë¶€ë¦¼,39,10
ìš©ì¸ì¹¼ë¶€ë¦¼,1,2
162,1,0
à¸ªà¸­,1,2
dek6,1,2
à¸™à¸±à¸à¸¨à¸¶à¸à¸©,1,2
à¸ à¸²à¸©à¸²à¸ˆà¸µ,1,2
universit,1,2
à¸ªà¸­,1,2
dek6,1,2
à¸™à¸±à¸à¸¨à¸¶à¸à¸©,1,2
à¸ à¸²à¸©à¸²à¸ˆà¸µ,1,2
universit,1,2
reels,5,22
reelsinstagramğŸ˜,1,2
QueencardPHOTO,1,2
QueencardPHOTO,1,2
ë‘ë‡Œìš´ë™,1,2
í…ŒìŠ¤íŠ¸,1,2
ë‘ë‡Œìš´ë™,1,2
í…ŒìŠ¤íŠ¸,1,2
short,1,2
22ê°œì›”ì•„,1,2
ã‹ã‚ã„,1,2
èµ¤ã¡ã‚ƒ,1,2
cut,1,2
short,1,2
22ê°œì›”ì•„,1,2
ã‹ã‚ã„,1,2
èµ¤ã¡ã‚ƒ,1,2
cut,1,2
shorts,23,2
22ê°œì›”ì•„ê¸°,1,2
ã‹ã‚ã„ã„,1,2
èµ¤ã¡ã‚ƒã‚“,1,2
cute,12,2
shorts,23,2
22ê°œì›”ì•„ê¸°,1,2
ã‹ã‚ã„ã„,1,2
èµ¤ã¡ã‚ƒã‚“,1,2
cute,12,2
ì›ƒê¹€ì£¼ì˜,1,0
ìƒí›„170,1,0
ë³‘ë§›ë”ë¹™,1,2
ì§±êµ¬ëŠ”ëª»ë§ë ¤,1,2
ì‚¬íˆ¬ë¦¬,1,47
ë³‘ë§›ë”ë¹™,1,2
ì§±êµ¬ëŠ”ëª»ë§ë ¤,1,2
ì‚¬íˆ¬ë¦¬,1,47
ìŠ¤íƒ ë“œì—…ì½”ë¯¸ë””,1,2
ì¶œì²˜_EBS,1,2
ì¶œì²˜_EBS,1,2
ì¥ê¾¸ì»¤í”Œ,1,2
ì¥ê¾¸ì»¤í”Œ,1,2
ì¶œì²˜_EBS,1,2
ì¶œì²˜_EBS,1,2
í•´ì˜ë¶€ë¶€,1,0
í•´ì˜ë¶€,1,0
ìŠ¤íƒ ë“œì—…ì½”ë¯¸ë””,1,2
ë¦´ìŠ¤ì´ˆ,1,2
ìœ ë¨¸,36,2
ì›ƒê¸´ë™ì˜,1,2
ë¦´ìŠ¤ì´ˆ,1,2
ìœ ë¨¸,36,2
ì›ƒê¸´ë™ì˜,1,2
ì ë²„ë¦‡,1,2
ë‚¨ì,1,2
ë‚¨í¸,1,2
ì»¤í”Œ,14,2
ë¶€ë¶€,1,2
ì¶”ì²œ,34,45
ì ë²„ë¦‡,1,2
ë‚¨ì,1,2
ë‚¨í¸,1,2
ì»¤í”Œ,14,2
ë¶€ë¶€,1,2
ì¶”ì²œ,34,45
truck,1,2
trucklife,1,2
truckdriver,1,2
crash,1,2
accident,1,2
bad,1,2
baddrivers,1,2
baddriver,1,2
carinstagram,1,2
cars,1,2
car,1,2
roadsafety,1,54
drivesafe,1,2
drivesafely,1,2
truck,1,2
trucklife,1,2
truckdriver,1,2
crash,1,2
accident,1,2
bad,1,2
baddrivers,1,2
baddriver,1,2
carinstagram,1,2
cars,1,2
car,1,2
roadsafety,1,54
drivesafe,1,2
drivesafely,1,2
ëŸ¬,1,0
í˜„í”¼,1,2
íšŒí”¼,1,58
ìŒì½”í”¼,1,2
happy,1,2
cat,24,2
í˜„í”¼,1,2
íšŒí”¼,1,58
ìŒì½”í”¼,1,2
happy,1,2
cat,24,2
03,1,2
reels,5,22
03,1,2
reels,5,22
ìœ ë¨¸ìŠ¤íƒ€ê·¸,1,2
ìœ ,1,0
ì›ƒê¸´ì˜ìƒëª¨,1,2
ì›ƒê¸´,1,2
ìœ ë¨¸ìŠ¤íƒ€ê·¸,1,2
ìœ ,1,0
ì›ƒê¸´ì˜ìƒëª¨,1,2
ì›ƒê¸´,1,2
ì—¬ì‚¬ì¹œ,22,2
ì˜,1,0
í¬ìƒ,1,31
ì„¸ìƒì—ì„œ,3,2
ê°€ì¥,1,2
ì•„ë¦„ë‹¤ìš´,0,2
ì˜¤í•´,28,2
ì—­ì‹œ,1,2
ìˆ ì€,1,2
ë§‰ê¼´ë¦¬,1,2
ã…‹ã…‹ã…‹,20,2
ì—¬ì‚¬ì¹œ,22,2
ì˜,1,0
í¬ìƒ,1,31
ì„¸ìƒì—ì„œ,3,2
ê°€ì¥,1,2
ì•„ë¦„ë‹¤ìš´,0,2
ì˜¤í•´,28,2
ì—­ì‹œ,1,2
ìˆ ì€,1,2
ë§‰ê¼´ë¦¬,1,2
ã…‹ã…‹ã…‹,20,2
cats_of_day,1,2
cats_of_instagram,1,2
catsoftheday,1,2
catslover,1,2
cat,24,2
cats,1,2
catsofinstagram,1,2
catto,1,2
cat_delight,1,2
cutecats_oftheworld,1,2
cat_features,1,2
cataccount,1,2
catpage,1,2
funnycatvideos,1,2
catmeow,1,2
catsagram,1,2
cats_of_world,1,2
cats_of_instaworld,1,46
catsuit,1,2
weirdcats,1,2
catlovers,1,2
catstocker,1,2
meows,1,2
meowpurrtee,1,2
meowed,1,2
meowdeling,57,2
meowcats,1,2
adoptdontshop,1,2
meowmeowmeow,1,2
cats_of_day,1,2
cats_of_instagram,1,2
catsoftheday,1,2
catslover,1,2
cat,24,2
cats,1,2
catsofinstagram,1,2
catto,1,2
cat_delight,1,2
cutecats_oftheworld,1,2
cat_features,1,2
cataccount,1,2
catpage,1,2
funnycatvideos,1,2
catmeow,1,2
catsagram,1,2
cats_of_world,1,2
cats_of_instaworld,1,46
catsuit,1,2
weirdcats,1,2
catlovers,1,2
catstocker,1,2
meows,1,2
meowpurrtee,1,2
meowed,1,2
meowdeling,57,2
meowcats,1,2
adoptdontshop,1,2
meowmeowmeow,1,2
ì¼ë³¸,1,2
ë„ìê¸°í—ŒíŒ…,1,2
ì¼ë³¸,1,2
ë„ìê¸°í—ŒíŒ…,1,2
ìœ íŠœë¸Œì›ë¯¼ì»¤í”Œ,1,2
ìœ íŠœë¸Œì›ë¯¼ì»¤í”Œ,1,2
ì—¬ì‚¬ì¹œ,22,2
ì˜,1,0
í¬ìƒ,1,31
ì„¸ìƒì—ì„œ,3,2
ê°€ì¥,1,2
ì•„ë¦„ë‹¤ìš´,0,2
ì˜¤í•´,28,2
ì—­ì‹œ,1,2
ìˆ ì€,1,2
ë§‰ê¼´ë¦¬,1,2
ã…‹ã…‹ã…‹,20,2
ì—¬ì‚¬ì¹œ,22,2
ì˜,1,0
í¬ìƒ,1,31
ì„¸ìƒì—ì„œ,3,2
ê°€ì¥,1,2
ì•„ë¦„ë‹¤ìš´,0,2
ì˜¤í•´,28,2
ì—­ì‹œ,1,2
ìˆ ì€,1,2
ë§‰ê¼´ë¦¬,1,2
ã…‹ã…‹ã…‹,20,2
ì—¬ì‚¬ì¹œ,22,2
ì˜,1,0
í¬ìƒ,1,31
ì„¸ìƒì—ì„œ,3,2
ê°€ì¥,1,2
ì•„ë¦„ë‹¤ìš´,0,2
ì˜¤í•´,28,2
ì—­ì‹œ,1,2
ìˆ ì€,1,2
ë§‰ê¼´ë¦¬,1,2
ã…‹ã…‹ã…‹,20,2
ì—¬ì‚¬ì¹œ,22,2
ì˜,1,0
í¬ìƒ,1,31
ì„¸ìƒì—ì„œ,3,2
ê°€ì¥,1,2
ì•„ë¦„ë‹¤ìš´,0,2
ì˜¤í•´,28,2
ì—­ì‹œ,1,2
ìˆ ì€,1,2
ë§‰ê¼´ë¦¬,1,2
ã…‹ã…‹ã…‹,20,2
magic,1,2
magic,1,2
ë¡œë“œë ˆì´ì§€,1,0
ì—¬ì‚¬ì¹œ,22,2
ì˜,1,0
í¬ìƒ,1,31
ì„¸ìƒì—ì„œ,3,2
ê°€ì¥,1,2
ì•„ë¦„ë‹¤ìš´,0,2
ì˜¤í•´,28,2
ì—­ì‹œ,1,2
ìˆ ì€,1,2
ë§‰ê¼´ë¦¬,1,2
ã…‹ã…‹ã…‹,20,2
ì—¬ì‚¬ì¹œ,22,2
ì˜,1,0
í¬ìƒ,1,31
ì„¸ìƒì—ì„œ,3,2
ê°€ì¥,1,2
ì•„ë¦„ë‹¤ìš´,0,2
ì˜¤í•´,28,2
ì—­ì‹œ,1,2
ìˆ ì€,1,2
ë§‰ê¼´ë¦¬,1,2
ã…‹ã…‹ã…‹,20,2
ìš©ê°í•˜,1,2
ìš©ê°í•˜,1,2
í‘¸ë°”ì˜¤,1,2
í‘¸ë°”ì˜¤,1,2
ì‡¼ê°±,1,2
íŒ€í´ë¼ìš´,1,2
ì˜ì •ë¶€ìŒì•…ê·¹ì¶•ì œ,1,2
ì‡¼ê°±,1,2
íŒ€í´ë¼ìš´,1,2
ì˜ì •ë¶€ìŒì•…ê·¹ì¶•ì œ,1,2
í‘¸ë°”,1,2
í‘¸ë°”,1,2
diy,19,2
sewing,58,2
asmr,1,2
useful,1,2
cookinghacks,1,2
foodlover,1,2
beautiful,1,2
skills,1,2
tutorial,1,2
try,53,2
idea,1,2
lifeprettyhacks,1,2
diy,19,2
sewing,58,2
asmr,1,2
useful,1,2
cookinghacks,1,2
foodlover,1,2
beautiful,1,2
skills,1,2
tutorial,1,2
try,53,2
idea,1,2
lifeprettyhacks,1,2
dad,1,0
WW,1,0
fullbodyworkout,1,2
homeworkout,1,2
fitnessmotivation,1,2
fullbodyworkout,1,2
homeworkout,1,2
fitnessmotivation,1,2
diy,19,2
sewing,58,2
asmr,1,2
useful,1,2
cookinghacks,1,2
foodlover,1,2
beautiful,1,2
skills,1,2
tutorial,1,2
try,53,2
idea,1,2
lifeprettyhacks,1,2
diy,19,2
sewing,58,2
asmr,1,2
useful,1,2
cookinghacks,1,2
foodlover,1,2
beautiful,1,2
skills,1,2
tutorial,1,2
try,53,2
idea,1,2
lifeprettyhacks,1,2
fullbodyworkout,1,2
homeworkout,1,2
fitnessmotivation,1,2
fullbodyworkout,1,2
homeworkout,1,2
fitnessmotivation,1,2
æ—¥,1,0
ä¸­æ–‡ç¿»,1,0
site,1,2
siteinternet,1,2
astuce,1,2
tips,1,2
hack,1,2
web3,1,2
site,1,2
siteinternet,1,2
astuce,1,2
tips,1,2
hack,1,2
web3,1,2
sit,1,2
siteinterne,1,2
astuc,1,2
tip,1,2
hac,1,2
web,1,2
sit,1,2
siteinterne,1,2
astuc,1,2
tip,1,2
hac,1,2
web,1,2
ë‚¨í¸í•¸ë“œí°,1,0
ì˜ìƒê¸´ë‚¨,1,2
í›ˆë‚¨ìŠ¤íƒ€ê·¸,1,2
ì–‘ìíƒ,1,2
ì—˜ë ˆë² ì´,1,2
badgu,1,2
ì˜ìƒê¸´ë‚¨,1,2
í›ˆë‚¨ìŠ¤íƒ€ê·¸,1,2
ì–‘ìíƒ,1,2
ì—˜ë ˆë² ì´,1,2
badgu,1,2
ì¡¸,1,0
ì¡¸ì‚¬ì»¨,1,0
ì¼€ì°¹,1,0
ì—„ë§ˆ,1,0
ê´‘ê³ ,1,2
ê´‘,1,0
joymaxnaturechurch,1,2
studioghibli,1,2
calming,1,2
joymaxnaturechurch,1,2
studioghibli,1,2
calming,1,2
ì „ê³¼ì,1,2
ì„œìš¸ëŒ€,1,2
ë¹„íˆ¬ë¹„,25,28
btob,1,2
ì´ì°½ì„­,1,2
ì°½ì„­,1,43
leechangsub,37,2
changsub,1,2
kpopidol,1,2
kpopboygroup,1,2
kpopboys,1,2
kpopidols,1,2
kpopboy,1,2
CUBE,1,2
CUBEentertainment,1,2
ì „ê³¼ì,1,2
ì„œìš¸ëŒ€,1,2
ë¹„íˆ¬ë¹„,25,28
btob,1,2
ì´ì°½ì„­,1,2
ì°½ì„­,1,43
leechangsub,37,2
changsub,1,2
kpopidol,1,2
kpopboygroup,1,2
kpopboys,1,2
kpopidols,1,2
kpopboy,1,2
CUBE,1,2
CUBEentertainment,1,2
ì „ê³¼ì,1,2
ì„œìš¸ëŒ€,1,2
ë¹„íˆ¬ë¹„,25,28
btob,1,2
ì´ì°½ì„­,1,2
ì°½ì„­,1,43
leechangsub,37,2
changsub,1,2
kpopidol,1,2
kpopboygroup,1,2
kpopboys,1,2
kpopidols,1,2
kpopboy,1,2
CUBE,1,2
CUBEentertainment,1,2
ì „ê³¼ì,1,2
ì„œìš¸ëŒ€,1,2
ë¹„íˆ¬ë¹„,25,28
btob,1,2
ì´ì°½ì„­,1,2
ì°½ì„­,1,43
leechangsub,37,2
changsub,1,2
kpopidol,1,2
kpopboygroup,1,2
kpopboys,1,2
kpopidols,1,2
kpopboy,1,2
CUBE,1,2
CUBEentertainment,1,2
ë‚¨ì,1,2
í–¥ìˆ˜,1,2
ì…€í”¼,1,2
ìˆ˜ë‹¬,47,2
ë¦´ìŠ¤,30,2
ë˜¥,1,0
ë‹´ë°°,1,2
íœíŠ¸í•˜ìš°ìŠ¤,1,2
íœì…˜,1,2
ë­”ë°,1,2
ì–´ì©Œë‚˜,1,2
ì§‘ë°–ì€ìœ„í—˜í•´,1,2
ìˆ ,1,0
ì·¨í•˜ëŠ”ë°¤,1,2
ëŒ„ìŠ¤,1,2
ì—¬í–‰,1,2
ë‚­ë§Œ,1,2
ìƒˆë²½ê°ì„±,1,2
ì—¬ë¦„,1,2
ëª¨ê¸°,1,2
ê°„ì§€ë‚¨,1,2
ë©‹ìˆë‹¤,1,2
ìµœê³ ,1,2
í•œê²°ê°™ì€ì‚¬ëŒ,1,2
ë˜ë¼ì´,1,2
ë‚¨ì,1,2
í–¥ìˆ˜,1,2
ì…€í”¼,1,2
ìˆ˜ë‹¬,47,2
ë¦´ìŠ¤,30,2
ë˜¥,1,0
ë‹´ë°°,1,2
íœíŠ¸í•˜ìš°ìŠ¤,1,2
íœì…˜,1,2
ë­”ë°,1,2
ì–´ì©Œë‚˜,1,2
ì§‘ë°–ì€ìœ„í—˜í•´,1,2
ìˆ ,1,0
ì·¨í•˜ëŠ”ë°¤,1,2
ëŒ„ìŠ¤,1,2
ì—¬í–‰,1,2
ë‚­ë§Œ,1,2
ìƒˆë²½ê°ì„±,1,2
ì—¬ë¦„,1,2
ëª¨ê¸°,1,2
ê°„ì§€ë‚¨,1,2
ë©‹ìˆë‹¤,1,2
ìµœê³ ,1,2
í•œê²°ê°™ì€ì‚¬ëŒ,1,2
ë˜ë¼ì´,1,2
ëŒ€í•™ë¡œì—°ê·¹,1,2
ìš´ë¹¨ë¡œë§¨ìŠ¤,1,2
ëŒ€í•™ë¡œì—°ê·¹,1,2
ìš´ë¹¨ë¡œë§¨ìŠ¤,1,2
ê³ ì–‘,1,2
ëƒ¥,1,0
í†°ê³¼ì œ,1,2
ìœ ,1,0
ê³ ì–‘,1,2
ëƒ¥,1,0
í†°ê³¼ì œ,1,2
ìœ ,1,0
ì¥ë§ˆ,42,2
06,13,18
05,54,2
07,9,2
ì˜ì‚°ê³ ë“±í•™êµ,1,2
íƒœí´,10,2
a,1,0
ì¶”ì–µ,1,2
ë²ˆê°œ,1,2
ì œìš°ìŠ¤,1,35
ë‡Œì ˆ,1,2
ë‚´ì¼ì‹œí—˜,1,2
ì‹œí—˜ë§í•¨,1,2
í˜¸ë‚ ë‘,1,2
ìŒë°”í˜ğŸ‘,17,2
ë‚˜ì£¼,11,52
ë‚˜ì£¼ì‹œ,1,40
ë…¹í„´,6,2
ë…¹í„´ê¶,1,2
ì¥ë§ˆ,42,2
06,13,18
05,54,2
07,9,2
ì˜ì‚°ê³ ë“±í•™êµ,1,2
íƒœí´,10,2
a,1,0
ì¶”ì–µ,1,2
ë²ˆê°œ,1,2
ì œìš°ìŠ¤,1,35
ë‡Œì ˆ,1,2
ë‚´ì¼ì‹œí—˜,1,2
ì‹œí—˜ë§í•¨,1,2
í˜¸ë‚ ë‘,1,2
ìŒë°”í˜ğŸ‘,17,2
ë‚˜ì£¼,11,52
ë‚˜ì£¼ì‹œ,1,40
ë…¹í„´,6,2
ë…¹í„´ê¶,1,2
ê¿€ì¼,1,2
ê¿€ì¼ëª¨ìŒ,1,2
ìœ ë¨¸,36,2
ìœ ë¨¸ìŠ¤íƒ€ê·¸ë¨,27,21
ë ˆì „ë“œ,1,2
ì¼ìƒ,1,2
ì§¤ëª¨ìŒ,1,2
ì¬ë°ŒëŠ”ì§¤,1,2
ì›ƒê¸´ì§¤,1,2
ìœ ë¨¸ì§¤,46,2
ìœ ë¨¸ìŠ¤íƒ€ê·¸ë¨,27,21
ê¿€ì¼,1,2
ê¿€ì¼ëª¨ìŒ,1,2
ìœ ë¨¸,36,2
ìœ ë¨¸ìŠ¤íƒ€ê·¸ë¨,27,21
ë ˆì „ë“œ,1,2
ì¼ìƒ,1,2
ì§¤ëª¨ìŒ,1,2
ì¬ë°ŒëŠ”ì§¤,1,2
ì›ƒê¸´ì§¤,1,2
ìœ ë¨¸ì§¤,46,2
ìœ ë¨¸ìŠ¤íƒ€ê·¸ë¨,27,21
ê¸´ê¸€,1,0
ì¥,1,0
0,1,0
0,1,0
0,1,0
ì˜ì‚°ê³ ë“±í•™,1,2
íƒœ,1,0
,1,0
ì¶”,1,0
ë²ˆ,1,0
ì œìš°,1,2
ë‡Œ,1,0
ë‚´ì¼ì‹œ,1,2
ì‹œí—˜ë§,1,2
í˜¸ë‚ ,1,2
ìŒë°”í˜,17,2
ë‚˜,1,0
ë‚˜ì£¼,11,52
ë…¹,1,0
ë…¹í„´,6,2
ì¥,1,0
0,1,0
0,1,0
0,1,0
ì˜ì‚°ê³ ë“±í•™,1,2
íƒœ,1,0
,1,0
ì¶”,1,0
ë²ˆ,1,0
ì œìš°,1,2
ë‡Œ,1,0
ë‚´ì¼ì‹œ,1,2
ì‹œí—˜ë§,1,2
í˜¸ë‚ ,1,2
ìŒë°”í˜,17,2
ë‚˜,1,0
ë‚˜ì£¼,11,52
ë…¹,1,0
ë…¹í„´,6,2
nintendo,1,38
adventuretime,1,2
bmo,45,2
nintendoswitch,1,2
nintendo,1,38
adventuretime,1,2
bmo,45,2
nintendoswitch,1,2
nintendo,1,38
adventuretime,1,2
bmo,45,2
nintendoswitch,1,2
nintendo,1,38
adventuretime,1,2
bmo,45,2
nintendoswitch,1,2
comedyshorts,1,0
comedy,1,2
funny,1,2
explorepage,1,2
explorepageâœ¨,1,2
fyp,59,9
explore,8,2
instagram,1,2
Replay1998,1,2
followme,1,2
ayononton,1,2
follow,1,2
dramakorea,1,2
korea,1,2
filmkorea,1,2
drakor,1,2
drakorindonesia,1,2
pecintadrakor,1,2
ayonontondrakor,1,2
viu,1,2
drakorid,1,2
marathondrakor,1,2
sukadrakor,1,2
koreafashion,1,2
korea,1,2
koreandrama,1,2
koreanfood,1,2
bulyingkorea,1,2
bulying,1,2
sukakorea,1,30
oppa,1,2
school,1,2
rumahtangga,1,2
family,1,56
familykorea,1,2
married,1,37
divorce,1,2
marriedvsdivorced,1,2
Replay1998,1,2
followme,1,2
ayononton,1,2
follow,1,2
dramakorea,1,2
korea,1,2
filmkorea,1,2
drakor,1,2
drakorindonesia,1,2
pecintadrakor,1,2
ayonontondrakor,1,2
viu,1,2
drakorid,1,2
marathondrakor,1,2
sukadrakor,1,2
koreafashion,1,2
korea,1,2
koreandrama,1,2
koreanfood,1,2
bulyingkorea,1,2
bulying,1,2
sukakorea,1,30
oppa,1,2
school,1,2
rumahtangga,1,2
family,1,56
familykorea,1,2
married,1,37
divorce,1,2
marriedvsdivorced,1,2
ì†Œë¦¬ì¼œê³ ë“¤ì–´ë³´ì„¸ìš”ğŸ™ğŸ»,1,0
14w1d,1,0
mohamedo_me,1,2
mohamedotourtheworld,1,2
mohamedo_me,1,2
mohamedotourtheworld,1,2
mentalhealth,1,2
mentalillness,1,2
fyp,59,9
mentalhealth,1,2
mentalillness,1,2
fyp,59,9
ì„±ë³„í‚¤íŠ¸,1,2
ìƒì¼íŒŒí‹°,1,2
hbd,1,3
ë‚¨ìì¹œêµ¬ì„ ë¬¼,1,2
ë‚¨ìì…”ì¸ ,44,2
ìƒì¼íŒŒí‹°,1,2
hbd,1,3
ë‚¨ìì¹œêµ¬ì„ ë¬¼,1,2
ë‚¨ìì…”ì¸ ,44,2
ì˜ìˆ˜,1,2
ì „ìì˜ìˆ˜,1,2
ì˜ì¡±,1,2
bionichand,1,2
ì˜¤ì„œ,1,2
ì˜¤ì„œì½”ë¦¬ì•„,1,2
ossur,1,2
ossurkorea,1,2
ì˜ìˆ˜ì¡±,1,2
ì œí•œì—†ëŠ”ì‚¶,1,2
ìš´ë™í•˜ëŠ”ì—¬ì,1,2
ìš´ë™í•˜ëŠ”ë‚¨ì,1,2
ìš´ë™,1,2
í—¬ìŠ¤,1,2
í—¬ìŠ¤íƒ€ê·¸ë¨,1,2
ì ˆë‹¨ì¥ì• ,1,2
ì ˆë‹¨ì¥ì• ì¸,1,53
ìƒì§€ì¥ì• ,1,2
ì•„ì´ë¦¼,1,2
ì•„ì´ë¦¼í•¸ë“œ,1,2
ì•„ì´ë¦¼í€€í…€,1,2
ilimbquantum,1,2
ilimb,1,2
ìœ íŠœë¸Œ,1,2
ìœ íŠœë²„,1,2
ì†”ë¼í”„Tv,1,2
ì˜ìˆ˜,1,2
ì „ìì˜ìˆ˜,1,2
ì˜ì¡±,1,2
bionichand,1,2
ì˜¤ì„œ,1,2
ì˜¤ì„œì½”ë¦¬ì•„,1,2
ossur,1,2
ossurkorea,1,2
ì˜ìˆ˜ì¡±,1,2
ì œí•œì—†ëŠ”ì‚¶,1,2
ìš´ë™í•˜ëŠ”ì—¬ì,1,2
ìš´ë™í•˜ëŠ”ë‚¨ì,1,2
ìš´ë™,1,2
í—¬ìŠ¤,1,2
í—¬ìŠ¤íƒ€ê·¸ë¨,1,2
ì ˆë‹¨ì¥ì• ,1,2
ì ˆë‹¨ì¥ì• ì¸,1,53
ìƒì§€ì¥ì• ,1,2
ì•„ì´ë¦¼,1,2
ì•„ì´ë¦¼í•¸ë“œ,1,2
ì•„ì´ë¦¼í€€í…€,1,2
ilimbquantum,1,2
ilimb,1,2
ìœ íŠœë¸Œ,1,2
ìœ íŠœë²„,1,2
ì†”ë¼í”„Tv,1,2
ì˜¤ìš´ì™„,1,2
ìƒì¼íŒŒí‹°,1,2
hbd,1,3
ë‚¨ìì¹œêµ¬ì„ ë¬¼,1,2
ë‚¨ìì…”ì¸ ,44,2
ìƒì¼íŒŒí‹°,1,2
hbd,1,3
ë‚¨ìì¹œêµ¬ì„ ë¬¼,1,2
ë‚¨ìì…”ì¸ ,44,2
ì´ê°•ì¸,1,2
ì´ê°•ì¸,1,2
ì´ê°•ì¸,1,2
ì´ê°•ì¸,1,2
reels,5,22
reels,5,22
ìœ ìœ í™ˆë©”ì´,1,0
ìœ ìœ í™ˆë©”ì´ë“œ,1,0
ì¹´,1,0
ë°”ì´í¬,1,2
ì‹œíŠ¸,1,48
ë”ëŸ½,1,2
íˆë©´,1,2
í˜¼ë‚˜ëŠ”ê²¨,1,2
ã…‹ã…‹ã…‹,20,2
ì¹´,1,0
ë°”ì´í¬,1,2
ì‹œíŠ¸,1,48
ë”ëŸ½,1,2
íˆë©´,1,2
í˜¼ë‚˜ëŠ”ê²¨,1,2
ã…‹ã…‹ã…‹,20,2
ë™ë‘ì²œ,1,2
ì‹ í¥ê³ ë“±í•™êµ,1,2
íŒ”ì”¨ë¦„,1,2
ì˜¤ë²„ë„í†±,1,2
ìš´ë™ë¶€,1,2
í—¤ë¹„ê¸‰,1,2
ì±…ìƒ,1,2
íŒŒê´´,1,2
ë–¡ìƒ,1,2
ë™ë‘ì²œ,1,2
ì‹ í¥ê³ ë“±í•™êµ,1,2
íŒ”ì”¨ë¦„,1,2
ì˜¤ë²„ë„í†±,1,2
ìš´ë™ë¶€,1,2
í—¤ë¹„ê¸‰,1,2
ì±…ìƒ,1,2
íŒŒê´´,1,2
ë–¡ìƒ,1,2
,1,0
ë°”ì´,1,2
ì‹œ,1,0
ë”,1,0
íˆ,1,0
í˜¼ë‚˜ëŠ”,1,2
ã…‹ã…‹,1,20
,1,0
ë°”ì´,1,2
ì‹œ,1,0
ë”,1,0
íˆ,1,0
í˜¼ë‚˜ëŠ”,1,2
ã…‹ã…‹,1,20
ì²´ìœ¡ëŒ€,1,12
ì²´ìœ¡ëŒ€íšŒê³µ,1,36
ëŒ„ìŠ¤ë™ì•„,1,2
ì—¬,1,0
0,1,0
he,1,2
í•œë¦¼ì˜ˆê³ ì•ˆ,1,50
ì²´ìœ¡ëŒ€,1,12
ì²´ìœ¡ëŒ€íšŒê³µ,1,36
ëŒ„ìŠ¤ë™ì•„,1,2
ì—¬,1,0
0,1,0
he,1,2
í•œë¦¼ì˜ˆê³ ì•ˆ,1,50
ì²´ìœ¡ëŒ€,1,12
ì²´ìœ¡ëŒ€íšŒê³µ,1,36
ëŒ„ìŠ¤ë™ì•„,1,2
ì—¬,1,0
0,1,0
he,1,2
í•œë¦¼ì˜ˆê³ ì•ˆ,1,50
ì²´ìœ¡ëŒ€,1,12
ì²´ìœ¡ëŒ€íšŒê³µ,1,36
ëŒ„ìŠ¤ë™ì•„,1,2
ì—¬,1,0
0,1,0
he,1,2
í•œë¦¼ì˜ˆê³ ì•ˆ,1,50
ìŠ¤ì¼€ì¹˜ì½”ë¯¸ë””,1,2
ìœ ë¨¸,36,2
ìŠ¤ì¼€ì¹˜ì½”ë¯¸ë””,1,2
ìœ ë¨¸,36,2
í•œ,1,0
ìŒ,1,0
ë°œë¼,1,2
í™,1,0
kpo,1,2
í•œ,1,0
ìŒ,1,0
ë°œë¼,1,2
í™,1,0
kpo,1,2
ì„±ëŒ€ëª¨ì‚¬,1,2
ì¸ì •í•´ì•ˆí•´,1,2
ì§±êµ¬,1,2
ì§±êµ¬ì„±ëŒ€ëª¨ì‚¬,1,2
ì†Œí†µ,1,2
shorts,23,2
ì‡¼ì¸ ,49,2
comic,1,2
ì½”ë¯¹,1,2
ì„±ìš°,1,2
ì—¬ìì„±ìš°,1,2
ì–¸ë”ì„±ìš°,1,2
ì˜ˆëª©,1,2
ì„±ìš°ì˜ˆëª©,1,2
selfie,1,2
ì„±ëŒ€ëª¨ì‚¬,1,2
ì„±ëŒ€ëª¨ì‚¬,1,2
ì¸ì •í•´ì•ˆí•´,1,2
ì§±êµ¬,1,2
ì§±êµ¬ì„±ëŒ€ëª¨ì‚¬,1,2
ì†Œí†µ,1,2
shorts,23,2
ì‡¼ì¸ ,49,2
comic,1,2
ì½”ë¯¹,1,2
ì„±ìš°,1,2
ì—¬ìì„±ìš°,1,2
ì–¸ë”ì„±ìš°,1,2
ì˜ˆëª©,1,2
ì„±ìš°ì˜ˆëª©,1,2
selfie,1,2
ì„±ëŒ€ëª¨ì‚¬,1,2
ë°˜í’ˆë¶ˆê°€,1,0
ì´ë¹¨ìš”,1,0
3d,1,2
3d,1,2
missionimpossibl,1,2
satisfyin,1,2
paramountpartne,1,2
collaborationcommercial,1,2
missionimpossibl,1,2
satisfyin,1,2
paramountpartne,1,2
collaborationcommercial,1,2
payattention,1,2
notalent,1,2
wow,1,2
oops,1,2
ouch,1,2
dumbo,1,2
payattention,1,2
notalent,1,2
wow,1,2
oops,1,2
ouch,1,2
dumbo,1,2
payattentio,1,2
notalen,1,2
wo,1,2
oop,1,2
ouc,1,2
dumb,1,2
payattentio,1,2
notalen,1,2
wo,1,2
oop,1,2
ouc,1,2
dumb,1,2
ì•„ë¹ ì˜ëŠ¥ë ¥,1,2
ì•„ë¹ ì˜ëŠ¥ë ¥,1,2
Ø§ÙƒØ³Ø¨Ù„ÙˆØ±_Ø·Ù‚_ÙÙˆÙ„Ùˆâœ…ğŸš¶,1,2
idealcocktailsteam,1,2
idealcocktailsteam,1,2
Ø§ÙƒØ³Ø¨Ù„ÙˆØ±_Ø·Ù‚_ÙÙˆÙ„Ùˆâœ…ğŸš¶,1,2
cat,24,2
cats,1,2
dog,1,2
pet,1,2
cute,12,2
funny,1,2
petlovers,1,2
cat,24,2
cats,1,2
dog,1,2
pet,1,2
cute,12,2
funny,1,2
petlovers,1,2
åŸè«’æˆ‘ä¸åšé“çš„ç¬‘äº†,1,2
é€™æ˜¯ä¸€æ¢æœ‰å‘³é“çš„è¦–é »,1,2
åŸè«’æˆ‘ä¸åšé“çš„ç¬‘äº†,1,2
é€™æ˜¯ä¸€æ¢æœ‰å‘³é“çš„è¦–é »,1,2
cutecats,1,2
cutecats,1,2
ì¹¼ë¶€,1,2
ì¹¼ë¶€ë¦¼í˜¸ì‹ ,1,2
í˜¸ì‹ ,1,2
ì¹¼ë¶€ë¦¼ì¡°,1,2
í‘¸ì‹œ,1,2
í‚¥ë³µ,1,2
ì¹¼ë¶€,1,2
ì¹¼ë¶€ë¦¼í˜¸ì‹ ,1,2
í˜¸ì‹ ,1,2
ì¹¼ë¶€ë¦¼ì¡°,1,2
í‘¸ì‹œ,1,2
í‚¥ë³µ,1,2
ì¹¼ë¶€ë¦¼,39,10
ì¹¼ë¶€ë¦¼í˜¸ì‹ ìˆ ,7,51
í˜¸ì‹ ìˆ ,55,2
ì¹¼ë¶€ë¦¼ì¡°ì‹¬,21,24
í‘¸ì‹œí‚¥,40,19
í‚¥ë³µì‹±,2,7
ì¹¼ë¶€ë¦¼,39,10
ì¹¼ë¶€ë¦¼í˜¸ì‹ ìˆ ,7,51
í˜¸ì‹ ìˆ ,55,2
ì¹¼ë¶€ë¦¼ì¡°ì‹¬,21,24
í‘¸ì‹œí‚¥,40,19
í‚¥ë³µì‹±,2,7
ì•„ì‚¬íˆìŠˆí¼ë“œë¼ì´,1,2
ì•„ì‚¬íˆë§¥ì£¼,1,2
ì•„ì‚¬íˆìŠˆí¼ë“œë¼ì´,1,2
ì•„ì‚¬íˆë§¥ì£¼,1,2
producerlif,1,2
6YearsOl,1,2
producerlif,1,2
6YearsOl,1,2
dialedin,1,2
thefun,1,2
dialedin,1,2
thefun,1,2
Ğ¸Ğ¿,1,2
Ñ‚Ğ¾Ğ¾,1,2
Ğ±ÑƒÑ…Ğ³Ğ°Ğ»Ñ‚ĞµÑ€Ğ¸Ñ,1,2
Ğ±ÑƒÑ…Ğ³Ğ°Ğ»Ñ‚ĞµÑ€ÑĞºĞ¸ĞµÑƒÑĞ»ÑƒĞ³Ğ¸,1,2
ÑĞ¼Ğ¾Ñ€,1,2
ÑĞ¼Ğ½Ñ…,1,2
Ğ¸Ğ¿,1,2
Ñ‚Ğ¾Ğ¾,1,2
Ğ±ÑƒÑ…Ğ³Ğ°Ğ»Ñ‚ĞµÑ€Ğ¸Ñ,1,2
Ğ±ÑƒÑ…Ğ³Ğ°Ğ»Ñ‚ĞµÑ€ÑĞºĞ¸ĞµÑƒÑĞ»ÑƒĞ³Ğ¸,1,2
ÑĞ¼Ğ¾Ñ€,1,2
ÑĞ¼Ğ½Ñ…,1,2
ê³ ,1,0
ê°ˆ,1,0
ë§›,1,0
ê°ˆë¹„ë§›,1,0
ì‹ ì„¸,1,0
ì¶©ë‚¨ì˜ˆ,1,0
ê³ ê¸°,1,0
ê°ˆë¹„,1,0
ë§›ì§‘,1,0
ê°ˆë¹„ë§›ì§‘,1,0
ì‹ ì„¸ê³„,1,0
ì¶©ë‚¨ì˜ˆì‚°,1,0
fyp,59,9
fyp,59,9
Ğ¸,1,0
Ñ‚Ğ¾,1,2
Ğ±ÑƒÑ…Ğ³Ğ°Ğ»Ñ‚ĞµÑ€Ğ¸,1,2
Ğ±ÑƒÑ…Ğ³Ğ°Ğ»Ñ‚ĞµÑ€ÑĞºĞ¸ĞµÑƒÑĞ»ÑƒĞ³,1,2
ÑĞ¼Ğ¾,1,2
ÑĞ¼Ğ½,1,2
Ğ¸,1,0
Ñ‚Ğ¾,1,2
Ğ±ÑƒÑ…Ğ³Ğ°Ğ»Ñ‚ĞµÑ€Ğ¸,1,2
Ğ±ÑƒÑ…Ğ³Ğ°Ğ»Ñ‚ĞµÑ€ÑĞºĞ¸ĞµÑƒÑĞ»ÑƒĞ³,1,2
ÑĞ¼Ğ¾,1,2
ÑĞ¼Ğ½,1,2
leagueoflegend,1,2
leaguecospla,1,2
leagu,1,2
leaguememe,1,2
league_of_legend,1,2
leagueoflegendsmeme,1,2
leagueoflense,1,2
leaglori,1,2
leagueoflegendsfanar,1,2
leagueoflegendscospla,1,2
leagueofmeme,1,2
leagueoflegendsbrasi,1,2
lo,1,2
lolmeme,1,2
lolcospla,1,2
gamin,1,2
game,1,2
gam,1,2
game,1,2
gameofthrone,1,2
gamefrea,1,2
gamemem,1,2
anim,1,2
animatio,1,2
anime,1,2
animememe,1,2
naafir,1,2
aren,1,2
arenamemesoficia,1,49
arenamem,1,2
leagueoflegend,1,2
leaguecospla,1,2
leagu,1,2
leaguememe,1,2
league_of_legend,1,2
leagueoflegendsmeme,1,2
leagueoflense,1,2
leaglori,1,2
leagueoflegendsfanar,1,2
leagueoflegendscospla,1,2
leagueofmeme,1,2
leagueoflegendsbrasi,1,2
lo,1,2
lolmeme,1,2
lolcospla,1,2
gamin,1,2
game,1,2
gam,1,2
game,1,2
gameofthrone,1,2
gamefrea,1,2
gamemem,1,2
anim,1,2
animatio,1,2
anime,1,2
animememe,1,2
naafir,1,2
aren,1,2
arenamemesoficia,1,49
arenamem,1,2
ë‚¨ë™ìƒ,1,2
ì‹œí¬ë¦¿ì¥¬ì¥¬,1,2
ë‚¨ë™ìƒì„ì§€ì¼œì£¼ëŠ”ì¸í˜•,41,2
ë‚¨ë™ìƒ,1,2
ì‹œí¬ë¦¿ì¥¬ì¥¬,1,2
ë‚¨ë™ìƒì„ì§€ì¼œì£¼ëŠ”ì¸í˜•,41,2
ë‚¨í¸,1,2
ë‚¨ë™ìƒ,1,2
ì‹œí¬ë¦¿ì¥¬ì¥¬,1,2
ë‚¨ë™ìƒì„ì§€ì¼œì£¼ëŠ”ì¸í˜•,41,2
ë‚¨ë™ìƒ,1,2
ì‹œí¬ë¦¿ì¥¬ì¥¬,1,2
ë‚¨ë™ìƒì„ì§€ì¼œì£¼ëŠ”ì¸í˜•,41,2
yumoristic,1,2
yumoristic,1,2
goldenretriever,1,2
goldenretrieversofinstagram,1,2
goldenretrievers,1,2
goldenretrieverlovers,1,2
puppy,43,2
puppies,1,2
puppiesofinstagram,1,2
puppylove,1,2
goldenbreeder,1,2
cute,12,2
fyp,59,9
goldenpuppy,1,2
retrieveroftheday,1,2
goldenretriever,1,2
goldenretrieversofinstagram,1,2
goldenretrievers,1,2
goldenretrieverlovers,1,2
puppy,43,2
puppies,1,2
puppiesofinstagram,1,2
puppylove,1,2
goldenbreeder,1,2
cute,12,2
fyp,59,9
goldenpuppy,1,2
retrieveroftheday,1,2
Ø§ÙÙƒØ§Ø±,1,2
Ø§Ø¨Ø¯Ø§Ø¹,1,2
Ø­Ù„ÙˆÙ„,1,2
Ø·Ø±ÙŠÙ‚Ø©,1,2
ÙÙƒØ±Ø©,15,2
Ø¹Ù…Ù„,1,2
Ø­Ø±Ù,1,2
Ø§ÙÙƒØ§Ø±,1,2
Ø§Ø¨Ø¯Ø§Ø¹,1,2
Ø­Ù„ÙˆÙ„,1,2
Ø·Ø±ÙŠÙ‚Ø©,1,2
ÙÙƒØ±Ø©,15,2
Ø¹Ù…Ù„,1,2
Ø­Ø±Ù,1,2
Ø§ÙÙƒØ§Ø±,1,2
Ø§Ø¨Ø¯Ø§Ø¹,1,2
Ø­Ù„ÙˆÙ„,1,2
Ø·Ø±ÙŠÙ‚Ø©,1,2
ÙÙƒØ±Ø©,15,2
Ø¹Ù…Ù„,1,2
Ø­Ø±Ù,1,2
Ø§ÙÙƒØ§Ø±,1,2
Ø§Ø¨Ø¯Ø§Ø¹,1,2
Ø­Ù„ÙˆÙ„,1,2
Ø·Ø±ÙŠÙ‚Ø©,1,2
ÙÙƒØ±Ø©,15,2
Ø¹Ù…Ù„,1,2
Ø­Ø±Ù,1,2
ìœ íŠœë¸Œì›ë¯¼ì»¤í”Œ,1,2
ìœ íŠœë¸Œì›ë¯¼ì»¤í”Œ,1,2
ê·¸ë‚ ì›ë³¸,1,0
QueencardTwerkin,1,0
nascar,1,2
like,1,2
comedy,1,2
guldurguldur,1,2
gÃ¼ldÃ¼rgÃ¼ldÃ¼r,1,2
gÃ¼ldÃ¼rgÃ¼ldÃ¼rshow,1,2
komedihanesi,51,2
komiksahneler,1,2
konusanlar,1,2
komedihanesi,51,2
fyppppppppppppãƒƒğŸ’â¤ï¸,1,2
funnyvideos,1,2
fyptiktok,1,2
dance,1,2
takibetakipvar,1,2
keÅŸfetbeniÃ¶neÃ§Ä±kar,1,2
keÅŸften_gelenler_takip_etsin,1,2
keÅŸfetedÃ¼ÅŸ,1,2
baybyshower,1,2
viralvideos,1,2
lyricsedits,1,2
muzikkutusu,1,2
tiktok,18,2
komikbebekvideolari,1,2
cokguzelhareketlerbunlar,1,2
trendingreels,1,2
funny,1,2
like,1,2
comedy,1,2
guldurguldur,1,2
gÃ¼ldÃ¼rgÃ¼ldÃ¼r,1,2
gÃ¼ldÃ¼rgÃ¼ldÃ¼rshow,1,2
komedihanesi,51,2
komiksahneler,1,2
konusanlar,1,2
komedihanesi,51,2
fyppppppppppppãƒƒğŸ’â¤ï¸,1,2
funnyvideos,1,2
fyptiktok,1,2
dance,1,2
takibetakipvar,1,2
keÅŸfetbeniÃ¶neÃ§Ä±kar,1,2
keÅŸften_gelenler_takip_etsin,1,2
keÅŸfetedÃ¼ÅŸ,1,2
baybyshower,1,2
viralvideos,1,2
lyricsedits,1,2
muzikkutusu,1,2
tiktok,18,2
komikbebekvideolari,1,2
cokguzelhareketlerbunlar,1,2
trendingreels,1,2
funny,1,2
nascar,1,2
keÅŸfetteyiz,1,2
tiktok,18,2
instagram,1,2
fpy,1,2
keÅŸfetteyiz,1,2
tiktok,18,2
instagram,1,2
fpy,1,2
ã‚¹ã‚¤ã‚«,1,2
é¢ç™½ã„å‹•ç”»,1,2
ãŠã‚‚ã—ã‚ã„,1,2
æ½°ã™,1,2
ãŠé‡‘,1,2
ã‚¹ã‚¤ã‚«,1,2
é¢ç™½ã„å‹•ç”»,1,2
ãŠã‚‚ã—ã‚ã„,1,2
æ½°ã™,1,2
ãŠé‡‘,1,2
ì»¤í”Œ,14,2
ìš°ìˆ˜ì»¤í”Œ,1,2
ì»¤í”Œ,14,2
ìš°ìˆ˜ì»¤í”Œ,1,2
ì»¤,1,0
ìš°ìˆ˜ì»¤,1,2
ì»¤,1,0
ìš°ìˆ˜ì»¤,1,2
ì»¤,1,0
ì»¤í”Œì‚¬,1,0
ì»¤í”Œ,14,2
ì»¤í”Œì‹œë°€ëŸ¬,1,0
ì»¤í”ŒìŠ¤íƒ€ê·¸,1,0
ì»¤í”Œì—¬,1,0
ì»¤í”Œ,14,2
ë‚¨,1,0
ë‚¨ë§¤,1,2
ë‚¨ë§¤ìŠ¤íƒ€ê·¸,1,0
ë‚¨ë§¤,1,2
ì—¬,1,0
ë¥,1,0
ë¥ë‹¤ë”ì›Œ,1,2
í–‡,1,0
ì¨,1,0
ì§ì¥,1,0
ì§ì¥ì¸ìŠ¤íƒ€ê·¸,1,0
TwentyFiveTwentyOne,1,2
TwentyFiveTwentyOne,1,2
comedyreels,1,2
comedy,1,2
ì™ ì§€,1,2
ã…ˆã„´,1,2
í‚¹ë°›ëŠ”,1,2
ë†êµ¬,1,2
ì²œì¬,1,2
ã…‹ã…‹ã…‹,20,2
ì™ ì§€,1,2
ã…ˆã„´,1,2
í‚¹ë°›ëŠ”,1,2
ë†êµ¬,1,2
ì²œì¬,1,2
ã…‹ã…‹ã…‹,20,2
nascar,1,2
comedyreels,1,2
comedy,1,2
asmr,1,2
extremely,1,2
cool,1,2
reels,5,22
asmr,1,2
extremely,1,2
cool,1,2
reels,5,22
keÅŸfetteyiz,1,2
tiktok,18,2
instagram,1,2
fpy,1,2
keÅŸfetteyiz,1,2
tiktok,18,2
instagram,1,2
fpy,1,2
tball,1,2
tballfail,1,2
tball,1,2
tballfail,1,2
ì™ ì§€,1,2
ã…ˆã„´,1,2
í‚¹ë°›ëŠ”,1,2
ë†êµ¬,1,2
ì²œì¬,1,2
ã…‹ã…‹ã…‹,20,2
ì™ ì§€,1,2
ã…ˆã„´,1,2
í‚¹ë°›ëŠ”,1,2
ë†êµ¬,1,2
ì²œì¬,1,2
ã…‹ã…‹ã…‹,20,2
ì‹œë°”ê²¬,1,0
asmr,1,2
cooking,1,2
asmr,1,2
cooking,1,2
ì»¤í”Œ,14,2
ì»¤í”Œì‚¬ì§„,1,0
ì»¤í”Œë£©,1,0
ì»¤í”Œì‹œë°€ëŸ¬ë£©,1,0
ì»¤í”ŒìŠ¤íƒ€ê·¸ë¨,1,0
ì»¤í”Œì—¬í–‰,1,0
ì»¤í”Œí…œ,1,0
ë‚¨ë§¤,1,2
ë‚¨ë§¤ë§˜,1,0
ë‚¨ë§¤ìŠ¤íƒ€ê·¸ë¨,1,0
ë‚¨ë§¤ìƒ·,1,0
ì—¬ë¦„,1,2
ë¥ë‹¤,1,0
ë¥ë‹¤ë”ì›ŒğŸ’¦,1,2
í–‡ë¹›,1,0
ì¨ì¨,1,0
ì§ì¥ì¸,1,0
ì§ì¥ì¸ìŠ¤íƒ€ê·¸ë¨,1,0
Ø§ÙƒØ³Ø¨Ù„Ùˆ,1,0
Ù…ÙŠÙ…,1,0
jetsuit,1,2
maxverstappen,1,2
jetsuit,1,2
maxverstappen,1,2
mercedesbenz,1,2
visionavtr,1,2
mercedesbenz,1,2
visionavtr,1,2
reel,1,2
viralreel,1,2
fail,1,2
funn,1,2
selfhedg,1,2
reel,1,2
viralreel,1,2
fail,1,2
funn,1,2
selfhedg,1,2
ë¼ë©´ë¨¹ê³ ê°ˆë˜,1,0
adventure,1,2
adrenaline,1,0
adrenalinejunkie,1,0
ë‚¨í¸íŒë‹ˆë‹¤,1,0
ì›ƒê¸´ê¸€,1,0
í¼ì˜´,1,0
hydroman,1,2
underwaterdance,1,2
scuba,1,2
aquarium,1,2
hydroman,1,2
underwaterdance,1,2
scuba,1,2
aquarium,1,2
ê³ ë“±í•™êµ,1,2
ë“œë¼ì´ì•„ì´ìŠ¤,1,2
í•˜í‚¤,1,2
ë² ë¼,1,2
í–‰ìœ„ì˜ˆìˆ ,1,2
ì†í¥ë¯¼,1,2
í˜„ìš°ì§„,1,2
ê³ 3,1,2
reels,5,22
ê³ ë“±í•™êµ,1,2
ë“œë¼ì´ì•„ì´ìŠ¤,1,2
í•˜í‚¤,1,2
ë² ë¼,1,2
í–‰ìœ„ì˜ˆìˆ ,1,2
ì†í¥ë¯¼,1,2
í˜„ìš°ì§„,1,2
ê³ 3,1,2
reels,5,22
LyricsStatus,1,0
ğŸ°â¤ï¸,1,0
ê³ ë“±í•™,1,2
ë“œë¼ì´ì•„ì´,1,2
í•˜,1,0
ë² ,1,0
í–‰ìœ„ì˜ˆ,1,2
ì†í¥,1,2
í˜„ìš°,1,2
ê³ ,1,0
reel,1,2
ê³ ë“±í•™,1,2
ë“œë¼ì´ì•„ì´,1,2
í•˜,1,0
ë² ,1,0
í–‰ìœ„ì˜ˆ,1,2
ì†í¥,1,2
í˜„ìš°,1,2
ê³ ,1,0
reel,1,2
ì—¬ìš°ì£¼ì—°ìƒ,1,0
ëŒ•ìŠ¤ë§ˆìŠ¤,1,0
adventure,1,2
traveltiktok,1,2
explore,8,2
asia,1,2
adventure,1,2
traveltiktok,1,2
explore,8,2
asia,1,2
babytok,1,2
babyfever,1,2
couplesgoals,1,2
babytok,1,2
babyfever,1,2
couplesgoals,1,2
arttipsdail,1,2
draweveryda,1,2
artistaslatino,1,2
ilustracio,1,2
digita,1,2
ibispaint,1,2
explor,1,2
arttipsdail,1,2
draweveryda,1,2
artistaslatino,1,2
ilustracio,1,2
digita,1,2
ibispaint,1,2
explor,1,2
ì•”ì»·,1,2
ë‹¤ê²¬ê°•ì•„ì§€,1,2
ì•”ì»·,1,2
ë‹¤ê²¬ê°•ì•„ì§€,1,2
07,9,2
ìš´ë™,1,2
07,9,2
ìš´ë™,1,2
ì•”ì»·,1,2
ë‹¤ê²¬ê°•ì•„ì§€,1,2
ì•”ì»·,1,2
ë‹¤ê²¬ê°•ì•„ì§€,1,2
ë°±ì¡°ì˜í˜¸ìˆ˜,1,2
ê·¸í˜¸ìˆ˜,1,2
ì•„ë‹ˆì•¼,1,2
ë¯¸ì¹œ,1,2
ë†ˆ,1,0
ì•„,1,0
ã…‹ã…‹ã…‹,20,2
ë°±ì¡°ì˜í˜¸ìˆ˜,1,2
ê·¸í˜¸ìˆ˜,1,2
ì•„ë‹ˆì•¼,1,2
ë¯¸ì¹œ,1,2
ë†ˆ,1,0
ì•„,1,0
ã…‹ã…‹ã…‹,20,2
sigma,1,2
reels,5,22
trending,1,27
sigma,1,2
reels,5,22
trending,1,27
perme,1,2
origam,1,2
origamitutoria,1,2
bungkusperme,1,2
idekreati,1,2
kreatifitastanpabata,1,2
perme,1,2
origam,1,2
origamitutoria,1,2
bungkusperme,1,2
idekreati,1,2
kreatifitastanpabata,1,2
pickedupthespare,1,0
poolsidebowling,1,0
toosieslide,1,0
penalty,1,0
thebillionairslifestyl,1,0
thebillionairslifestyle,1,0
ì „ê¸°í†µë‹­êµ¬ì´,1,2
ì „ê¸°í†µë‹­êµ¬ì´,1,2
woodworking,1,0
woodprojects,1,0
woodworker,1,0
woodworkingtips,1,0
ìˆ˜í•™ì—¬í–‰,26,2
ìˆ˜ë ¨íšŒ,1,2
ì•¼êµ¬,31,2
ì²¼ë¦°ì§€,1,2
09,56,2
08ë…„ìƒ,1,2
08,1,2
07,9,2
06,13,18
ìˆ˜í•™ì—¬í–‰,26,2
ìˆ˜ë ¨íšŒ,1,2
ì•¼êµ¬,31,2
ì²¼ë¦°ì§€,1,2
09,56,2
08ë…„ìƒ,1,2
08,1,2
07,9,2
06,13,18
ìˆ˜í•™ì—¬í–‰,26,2
ìˆ˜ë ¨íšŒ,1,2
ì•¼êµ¬,31,2
ì²¼ë¦°ì§€,1,2
09,56,2
08ë…„ìƒ,1,2
08,1,2
07,9,2
06,13,18
ìˆ˜í•™ì—¬í–‰,26,2
ìˆ˜ë ¨íšŒ,1,2
ì•¼êµ¬,31,2
ì²¼ë¦°ì§€,1,2
09,56,2
08ë…„ìƒ,1,2
08,1,2
07,9,2
06,13,18
